Name,Latitude,Longitude,Polygon Number
L‚ÄôAlbero dei Gelati,45.6461,9.0815,N/A
"Gusto 17 - Arco della Pace, Milano",45.4774,9.1727,1
Lo's,45.471,9.1844,1
Bisi Pizzeria Verace,45.7037,9.2026,N/A
Pizzeria Ristorante Il Regno Di Napoli,45.9341,8.5724,N/A
Birrificio Brasseria Soralam√†,45.1071,7.2922,N/A
La Perla Nera,44.3978,8.2755,N/A
"Gelateria Via Piave, Noventa di Piave",45.6608,12.5288,N/A
Kyo Restaurant,45.7291,8.5778,N/A
Inari Sushi,45.4061,11.2477,N/A
Kokoro Sushi Restaurant,45.3184,9.4992,N/A
Gelateria Malibu 'By Sironi Andrea,45.6772,9.2355,N/A
MITO SUSHI RESTAURANT,45.3578,9.3171,N/A
Perla d'Oriente,45.5419,8.0714,N/A
Pizza Garage,45.4516,8.6498,2
Dinzu Restaurant Treviso,45.6686,12.1811,N/A
Yummy sushi,45.9491,8.8395,N/A
La Casa dei Bardi,44.6874,10.5247,N/A
Laguna Blu,45.8234,13.2144,N/A
Suban,45.6534,13.8082,N/A
Pizzeria Giordano (Ex2001),45.5595,8.0518,N/A
Monkey Steakhouse & Cocktail bar,45.9045,8.4196,N/A
Restaurant Pizzeria Al Passetto,46.5394,12.1371,N/A
Ristorante Pizzeria Le Scuderie,45.2063,10.7959,N/A
La Tenda Rossa,45.9721,9.0704,N/A
Il Pacero Pizzeria e Tigelleria,44.8955,11.6043,N/A
La Corte - Pizzeria Trattoria (Ex Rispoli),46.0277,13.2052,N/A
Ristorante La terra degli ulivi,45.6949,8.8532,N/A
Ristorante da Martino,44.3088,10.9064,N/A
Stefy Gelateria di Gasparini Stefania,45.4149,11.1823,N/A
Ristorante Trattoria La Stanga di Campari E. & F.,45.3177,9.6168,N/A
L'angolo di Mel,45.792,6.9714,N/A
Walla Walla - tasty burger,44.9113,8.6144,N/A
Ristorante Pizzeria Don Peppino,45.1718,7.6516,N/A
Zen Sushi,45.4597,9.1887,1
Ristorante Pizzeria l'Ancora,45.0023,9.1369,N/A
La Sella d'Oro,45.9536,8.8761,N/A
La Cascina Gastronomia e Bacaro,45.426,12.0731,N/A
Ristorante Pizzeria da Gennaro,45.8773,12.3029,N/A
Ristorante Passata,45.7946,9.7253,N/A
Ristorante Pizzeria agli Eremitani,45.4108,11.8814,8
Le Tre Ciose,45.4149,9.9228,N/A
TEX MEX Saloon,45.7886,11.9046,N/A
Speck Stube l‚Äôoriginale - Malcesine,45.7838,10.8211,N/A
Gelateria Cavallar,46.4085,11.1376,N/A
Route 66 DSG,45.52,10.1016,N/A
Inverness Pub,45.8575,12.3294,N/A
PIZZAMORE,45.7232,12.2539,N/A
Bar Perla,45.4913,12.2429,N/A
Pasticceria Adolfo Stefanelli,45.464,9.2077,1
Itoya,45.815,8.8299,N/A
Passione Pizza,44.3945,7.5518,N/A
Ristorante Pizzeria La Colomba,45.4101,11.2136,N/A
Lon Fon,45.4782,9.2025,1
Rishi Restaurant Fusion,45.6893,11.4837,N/A
Ristorante Giapponese Kanji,45.5129,12.6608,N/A
Zelo Gelateria,44.3051,8.4819,N/A
Ravioleria Sarpi,45.4813,9.1761,1
MagiClem,45.5541,8.9528,N/A
L'angolo del gelato,45.6782,9.1213,N/A
Bar Tavola Calda Domio,45.6111,13.8285,N/A
Elio's Burger & grill,44.9008,8.604,N/A
Ristorante Pizzeria Al Lago,45.8116,10.517,N/A
RISTORANTE GOEN,45.3885,10.4807,N/A
JI Sushi,45.7147,9.5607,N/A
Ristorante Pizzeria Stadio,45.6733,13.1009,N/A
da Ciro Leone 1924,45.4404,10.9978,9
ZenzeroBlu,44.3863,11.5892,N/A
Ristorante Pizzeria La Baitella,45.8872,9.9957,N/A
Gelateria De Martin & C Snc,45.9484,12.4155,N/A
La pizzeria Tradizionale,45.452,9.1769,1
Sportcenter Deutschnofen,46.4131,11.4342,N/A
La Giara,45.5639,8.1452,N/A
Pizzeria il Cigno,44.7801,7.7766,N/A
Pizzeria Area 6,44.4196,7.8488,N/A
Pasticceria Buzzi,45.7383,7.4655,N/A
Gelateria Caffetteria Ketty,45.2564,11.1232,N/A
Biwak Restaurant Pizzeria Pub,46.904,11.4295,N/A
Pasticceria Zarotti,44.6806,10.2865,N/A
Buddineria Budineria Naturalmente,45.3356,11.7324,N/A
Restaurant Pizzeria Pfefferm√ºhle,46.4474,11.2651,N/A
Lo Schiaccianoci,44.6097,11.8381,N/A
Al Nuovo Faraone,44.9438,10.4746,N/A
Birrone - Birrificio Artigianale Agricolo Vicenza,45.6201,11.4632,N/A
Fata Roba,44.4185,11.9146,N/A
HOMU,45.4724,9.1432,N/A
Pizzeria San Giorgio,44.3843,9.8841,N/A
Eggbauerhof,46.4091,11.2352,N/A
Bar Gelateria Aurora,45.9738,8.426,N/A
Pizzeria Ristorante La Zangola,45.6142,11.3724,N/A
Antica Pizzeria Fiorentina,45.4511,9.1953,1
Feel Fusion,45.479,9.1603,1
Ristorante Pizzeria la Lucciola,45.5565,8.0662,N/A
Don Peppe pizza e cucina co‚Äô core,45.4579,12.213,N/A
Pizzeria Maison Jolie,45.5136,12.6702,N/A
Bottega Flegrea,45.0714,7.5394,N/A
Pizzeria Spaccanapoli,45.2782,8.7469,N/A
Centolire Rovigo,45.0527,11.7881,N/A
Gelateria il Gelapo,45.8087,9.4009,N/A
Al Pesce Vela,45.8,9.1541,N/A
Osteria La Montanara,46.4768,11.7736,N/A
Komenn Thai,45.4503,9.2067,1
Osteria degli Adelardi,44.8357,11.6208,N/A
Sottosopra,45.7284,7.3498,N/A
Locanda del Viandante - Pizzeria Ristorante a Villafranca di Verona,45.3477,10.8409,N/A
Trattoria al Macello,45.1914,10.9793,N/A
Speck Stube Bardolino,45.5477,10.7245,N/A
Pizzeria Pellegrini,46.029,10.724,N/A
Gelateria Papavero,44.7721,10.7783,N/A
Trattoria Due Spade,46.3993,9.3521,N/A
Ristorante Pizzeria Byron,45.691,9.6602,N/A
Boombastic Pub VE,45.464,12.1748,N/A
Pizzeria El Tigre,44.9037,7.6733,N/A
AL LAGO,45.1881,11.7536,N/A
Speedy Paninoteca,45.5842,9.2652,N/A
Pizzeria da Frenck,46.1704,9.8952,N/A
Ristorante Giapponese Hanami Parma,44.8063,10.3353,10
Fifties Cafe Diner by Pedro pok√©,45.6728,8.3242,N/A
Pasticceria Citterio,45.851,9.2737,N/A
Fabbrica Birra Busalla,44.5672,8.9556,N/A
Restaurant Pizzeria Latscher Stube,46.6159,10.8591,N/A
Ristorante Pizzeria Il Cantuccio,45.0343,7.3459,N/A
La Baia Restaurant,46.0881,9.278,N/A
Il Portico,44.5336,7.5728,N/A
Gelateria Sottozero Srl,45.7254,8.4949,N/A
Tourl√© la Pizzeria di Ossona,45.5036,8.8916,N/A
Pizzeria Calafuria,45.496,9.1922,1
NIMA Sushi,45.4607,9.19,1
Busa dei Briganti Pub Vicenza,45.5499,11.5459,N/A
Fusion Restaurant KOI,45.0669,7.6809,N/A
Sushi Yan,46.141,12.2104,N/A
Barcollando,44.824,8.6812,N/A
Ristorante Pizzeria Il Portico,45.0525,11.2426,N/A
Civico 39 Ristorante Pizzeria,44.8107,10.5605,N/A
Gelateria Serafini,46.1436,11.1072,N/A
St. Thomas's Gate Pub,45.6702,12.2505,N/A
Pasticceria Zizzola Srl,45.6315,11.9555,N/A
Ristorante con Pizzeria Edelweiss,46.1089,12.5173,N/A
il Veliero Bar Pizzeria,46.1113,10.313,N/A
Il Monaco Pizzeria Ristorante,45.1846,11.4449,N/A
Paradiso dei Golosi srl,46.1272,13.4855,N/A
Al Pescatore,45.4674,12.4448,N/A
Pizzeria Antica Coltelleria,46.1793,12.7095,N/A
Restaurant Pizzeria M√ºhlbacher Klause,46.7987,11.6685,N/A
Nuovo Bar Sport Met di Zhou Ze & C. Snc,44.8983,8.4091,N/A
Ristorante Pizzeria L‚Äôaltra Piedigrotta,45.5693,10.235,N/A
EL Mordisco,46.0287,12.5065,N/A
"Mein Beck, Marling",46.6545,11.1406,N/A
Toshi Restaurant Vicenza,45.5111,11.6237,N/A
PanzeR√© San Zeno,45.4421,10.9769,9
Cartapaglia Pizza & Gin,45.4719,10.5401,N/A
Ristorante Pizzeria Torchio,46.0696,8.6927,N/A
Baia di Par√® - Hotel Ristorante Pizzeria,45.8586,9.3655,N/A
Il Chiringuito,45.5528,9.3499,N/A
Pizzeria Ristorante La Terrazza,45.7717,11.7463,N/A
Gelateria Biancoperla,45.6595,9.1621,N/A
Kebabbo,45.0728,7.6964,N/A
Panino Grigliato,45.612,8.8467,N/A
Ristorante Fuku jima,45.4425,9.1761,N/A
Pizzeria Mulino,44.9143,9.8536,N/A
Bellavista Ristorante Pizzeria,45.8841,10.8404,N/A
Dai Tosi - Trissino,45.5677,11.377,N/A
Pizzeria Ristorante Genzianella,45.9655,10.9737,N/A
Ristorante Pizzeria I Laghi di Tuna,44.9708,9.587,N/A
Teatro 26,45.3237,8.4137,N/A
Cascade Ristorante Pizzeria Bar,46.5722,11.6746,N/A
Il Corsiero,44.6918,7.9268,N/A
Sconosciuta Compagnia,45.0015,10.4139,N/A
Ginza Conegliano,45.8719,12.2799,N/A
Pizzeria Scialapopolo,45.2199,7.9834,N/A
Il Gatto e La Volpe RISTORANTE PIZZERIA,44.7409,11.2416,N/A
Rittnerstube,46.5429,11.4582,N/A
Gelateria Lapecoranera,45.538,10.2189,N/A
Pizzeria Pontafel,46.5077,13.3086,N/A
Muccala,45.7876,8.7814,N/A
Il Punto Pizza da Giuliano,44.6955,11.4006,N/A
Pizzeria Da Volpe,45.7687,11.9563,N/A
La Rosa dei Venti,45.1025,8.7467,N/A
Modugno,44.9952,8.5659,N/A
La Vecchia Sportiva bar Pizzeria,45.6902,8.4193,N/A
Burgerino,45.4468,11.0274,9
Restaurant Pizzeria Torgglkeller,46.6401,11.5644,N/A
Alzati Lazzaro,44.4291,9.1841,N/A
Trattoria Al Ponte,45.0792,11.6601,N/A
Helmut Pub,45.5628,12.2551,N/A
"Ristorante Pizzeria ""Il Baffo""",45.2948,10.2108,N/A
Trattoria Paninoteca Lido,45.8014,13.5064,N/A
Pasticceria Bomb√©,44.793,10.3559,10
Ristorante Pizzeria Sant'Ercolano,45.636,10.6042,N/A
Yu Sushi,45.6172,9.0643,N/A
Ristorante Pizzeria L'Officina,44.4106,8.6874,N/A
Trattoria Pizzeria Al Senato,45.329,10.949,N/A
Tortuga,45.6308,12.5638,N/A
Trattoria del Gallo,45.4587,9.6036,N/A
A Tutto Gas,45.7437,7.558,N/A
Goldener L√∂we,46.7566,12.1055,N/A
La Palta,44.9915,9.4704,N/A
Pizzeria Ristorante Apollo XI,45.7391,10.7201,N/A
Osteria del Maggio,44.3496,10.4925,N/A
Candrina Panificio e Pasticceria di Andrea Candrina,45.295,10.4765,N/A
Il Masetto,44.4066,8.9323,3
City Istanbul Turkish Kebap,45.6952,8.8033,N/A
La Torre Pizza e Gril,45.5,8.6607,N/A
"RISTORANTE DELL'ANGELO - Specialit√† Carne e Pesce, Pizzeria, Cerimonie, Eventi, Hotel",45.1279,9.2284,N/A
Saporoso,46.063,11.1276,N/A
Osteria Versa,44.9875,9.3008,N/A
Ristorante Medioevo,45.1105,12.2575,N/A
Agriturismo Giada,44.9156,9.0378,N/A
Il Panino di Lignano Pineta dal 1983,45.6681,13.1055,N/A
Restaurant Pizza Steakhouse Anny,46.6537,11.1468,N/A
Duca di Bentivoglio,44.6354,11.4386,N/A
Nami Zhao Ristorante Giapponese,45.4921,12.2456,N/A
MANGIA MANGIA | Bussoleno,45.1391,7.1452,N/A
Gelateria Dalla Corte,46.0191,11.8939,N/A
Bar Chicco Rosso,44.9902,7.4695,N/A
Sakura Japanese Restaurant,45.6516,12.2587,N/A
Saporhit,45.5029,12.6363,N/A
My Kimchi,45.4804,9.1813,1
Sushic Cassano Magnago,45.6721,8.8235,N/A
Ristorante Pizzeria O' Scugnizzo,45.4114,10.397,N/A
Al Rifugio,45.9531,12.7895,N/A
Pizzeria La Pace,45.7039,11.8044,N/A
Ristorante Pizzeria Ancora,46.2895,11.5105,N/A
Le Acque Pizzeria Ristorante,44.355,7.8631,N/A
Gelateria Rocca Non Solo Bar,45.3084,11.3856,N/A
Ristorante Kalispera,45.4294,12.1091,N/A
Mamototo Azzano,45.8916,12.6977,N/A
Ristorante Pizzeria alla Grotta,45.6098,10.6856,N/A
Ristorante Pizzeria NABLUS,45.6296,10.5745,N/A
Osteria La Spl√©uza Cucina & Pizza,46.3319,10.8854,N/A
Piadineria Gli Ingordi,44.7639,11.8714,N/A
trattoria val noveglia,44.5905,9.761,N/A
L'hamburger del contadino,45.5383,9.932,N/A
Delicious Baobing,45.4508,9.1909,1
Nobu Milano,45.4707,9.1929,1
La Bitta Chiavari dal 1992 Pizzeria Ristorante,44.3136,9.3253,N/A
Nuovo Infinito,45.1157,9.9932,N/A
Hardimitz'n Restaurant & Steakhouse Pizzeria,46.7715,11.9432,N/A
Wang Jiao,45.4819,9.1725,1
Bul√® Farinata pizzeria,44.9096,8.6134,N/A
Agrigelateria St. P√©,44.9402,7.8537,N/A
Ristorante Pinocchio,45.822,10.0818,N/A
Sange asian restaurant Trissino,45.553,11.384,N/A
Petit Parc,45.9138,8.7587,N/A
limonet,45.728,7.322,N/A
Leon Rampante Bar Pizzeria,45.3891,9.5693,N/A
S‚ÄôAgapo‚Äô | Ristorante Greco,45.7004,9.6755,N/A
Ristorante Pizzeria Hostaria Cascina,45.6645,8.989,N/A
Il Divino,44.463,10.6564,N/A
Pizzeria Vesuvio,46.4912,11.3435,N/A
Ristorante Pizzeria La Fratta,44.6981,10.4244,N/A
Pastry Shop San Paolo,45.6748,10.1861,N/A
Bacio Gelateria Caffetteria,45.7718,9.0013,N/A
MATERIA PIZZERIA - MILANO CENTRO,45.4603,9.1806,1
MIC Ramen,45.9622,12.6569,N/A
Ciucciu√©,45.6107,9.2433,N/A
Mergellina Bakery,45.4514,9.1889,1
Denzel,45.465,9.1553,1
Hamb√π - Hamburgeria e Pinsa Romana a Meda,45.6557,9.1762,N/A
Slice Milano,45.4768,9.17,1
Ristorante Pizzeria Il Palio,45.2313,11.4693,N/A
Integraldo,46.1892,13.0563,N/A
Pizzeria Ristorante Bar La Torate,46.5348,13.0149,N/A
Haru Asian Fusion Restaurant,44.3908,8.2809,N/A
La Vecchia Quercia,44.8373,11.266,N/A
Pizzeria Ristorante Bar Ti Spiazza,46.5657,12.6798,N/A
Ristorante Pizzeria Il Caminetto,46.0043,9.7599,N/A
Ristorante Pizzeria Garden,45.7645,10.8069,N/A
Trattoria Falconi,45.7306,9.6538,N/A
La Taverna del Gusto,45.2166,9.8519,N/A
Pizzeria Trattoria Olivi,45.8486,11.8766,N/A
Caff√® Val d'Anna,46.58,11.6873,N/A
Asia,45.0542,9.6601,6
McOnor,45.4933,12.2411,N/A
Il Delfino Pizzeria,44.7971,10.8852,N/A
Dolci Storie,45.5009,9.1667,N/A
Pasticceria Melograno Urgnano,45.602,9.6979,N/A
El Beso,45.0593,7.6832,N/A
Snoopy Pub Ristorantino Cordenons,45.9954,12.7032,N/A
Crema Gelato GHEDIN S.R.L,45.6778,13.3862,N/A
Revolution Montichiari by Linus,45.4102,10.3961,N/A
Seventh Mexican Restaurant,45.611,10.4954,N/A
Pasticceria Cortinovis,45.7203,9.7137,N/A
Pizzeria Almiro,44.4295,11.5223,N/A
Pizzeria Arcobaleno,45.4305,11.8895,8
Reebs,45.6661,12.5335,N/A
Made In Sud,45.6407,9.4132,N/A
Due Colombe,45.6212,10.016,N/A
Gelateria Lariana,45.8078,9.05,N/A
Ristorante Pizzeria al Fogolar,46.1004,13.2145,N/A
Taverna del Pittore,45.0688,11.7887,N/A
Nonna Papera Ice Cream Shop,45.7307,9.127,N/A
Burmet,45.6938,9.0292,N/A
Industry,44.841,7.5845,N/A
Mille Luci,45.4869,12.5964,N/A
Restaurant Pizzeria Meraner,46.4589,11.2543,N/A
La Fazenda,45.6087,11.5618,N/A
Ristorante Il Terziere,46.1367,9.4768,N/A
LA FARMACIA DEI SANI - Pizzeria,45.0616,12.0486,N/A
Carlo's,44.6369,11.1896,N/A
Sushi Zero,44.906,8.2321,N/A
Max Music Pub,45.4792,11.935,N/A
Ristorante - Pizzeria L'Oster Bif & Beef,45.6967,9.5337,N/A
Pizzeria Don Matteo in Villa Bellati,45.8555,12.0173,N/A
H24 - Pizzeria ristorante bar,45.6387,13.7629,N/A
Furci Bakery,45.536,9.2252,N/A
SAN ROCCO,45.0148,11.3332,N/A
Instabile Venezia,45.563,12.1253,N/A
Bocon Divino,44.4273,11.9505,N/A
Mizuumi Sushi Lavena Ponte Tresa,45.9666,8.8588,N/A
Caff√® Longobardo,46.0946,13.4304,N/A
Ostu Pizzeria - Bottega - Enoteca,44.9203,7.8475,N/A
Focacceria Revello,44.3505,9.1526,N/A
Ristorante da Genio,46.0386,12.4965,N/A
L'Inizio Pizzeria,45.137,7.7688,N/A
Ristorante Pizzeria Bella Capri,45.7674,11.7378,N/A
Ristorante Gardenia,45.3034,7.8902,N/A
Il Graffio,44.628,11.1979,N/A
Piadina Ciliegina,44.7388,12.2418,N/A
Pizzeria Ristorante Pan e Vin,45.7675,11.4559,N/A
Pan Pan,45.7339,8.5741,N/A
Eliapizza Trattoria Al Cacciatore,45.2454,12.0237,N/A
Restaurant Atmosphera,45.6885,13.141,N/A
Ristorante Pizzeria Italia da Nikolas,45.7639,10.8068,N/A
Ristorante Pizzeria Regina Major,45.3549,10.1268,N/A
Pizzeria Napoli Di De Rosa Annalisa,44.6335,8.6371,N/A
ZERO 11,45.1345,7.7616,N/A
Al Tiglio cucina naturale / Ristorante Veg,46.1196,13.1228,N/A
Remember,45.7063,11.5628,N/A
Pizzeria La Luna Pizzeria e Bar,45.5034,12.2648,N/A
Al Fogher Ristorante Pizzeria,45.3985,12.0823,N/A
La Stiva,45.8719,12.0801,N/A
Pizzeria Ristorante La Tirolese,46.4249,11.9393,N/A
Pizzeria Ristorante Don Felipe,45.3016,9.7674,N/A
Panineria La Farcia Alessandria,44.9101,8.6123,N/A
Antica Gelateria Guarino Snc,44.4132,8.9334,3
La Barchetta,44.834,10.1794,N/A
"Pizzeria ""da Giannino""",46.5044,13.5881,N/A
Pizzeria di Porta Garibaldi - MILANO,45.4815,9.1874,1
Gelateria Baires 1997,45.038,7.6396,N/A
Arte & Pizza,45.6364,8.7668,N/A
Ichiban Ramen Padova,45.4032,11.8794,8
Le Campane,45.4439,12.3282,N/A
Aldo e Maria Ristorante Pizzeria d'autore,45.7375,9.7381,N/A
La Base,45.5711,9.5157,N/A
Ristorante Pizzeria Il Ristoro,45.8065,12.3463,N/A
Pizzeria Trattoria La Strega,45.3371,10.9206,N/A
Ristorante Pizzeria Santo Stefano 4,45.6803,8.822,N/A
Da Tituta,45.6065,12.8746,N/A
El Tocororo,45.3468,9.7217,N/A
Yuki Sushi,45.7651,12.8274,N/A
Pizzeria Santa Lucia - Spaghetti House,45.653,12.2422,N/A
Trattoria da Marte,45.0413,10.9284,N/A
Ristorante Pizzeria Waikiki,45.0579,6.6822,N/A
Pizzeria Da Lino,45.8519,12.0253,N/A
La Perla Sas,46.1115,12.898,N/A
Ristorante pizzeria La vecchia stalla,44.3912,8.66,N/A
Pizzeria La Ghironda,45.8718,8.9072,N/A
Ristorante Pizzeria Al Faro,46.0369,11.2437,N/A
Capri,45.5062,12.6434,N/A
Pizzeria napoletana da Tony,45.5123,9.2679,N/A
Pizza Ok 2,45.47,9.1535,1
Ristorante Sushi Kami,45.4705,7.924,N/A
Rock Burger¬Æ Torino,45.0678,7.6955,N/A
Ristorante Pizzeria Montecarlo,45.6073,8.9142,N/A
PuraBrace-GrillHouse Vedano al Lambro,45.619,9.2706,N/A
Ristorante Oasi,44.6964,10.6075,N/A
Pizzeria Damino,45.7738,8.5682,N/A
Pizzeria Ristorante La Piota,46.17,9.4356,N/A
Al Messicano,45.5586,12.263,N/A
La Smorfia,44.6492,10.9264,N/A
Ristorante Pizzeria - All' Antica Segheria,46.1701,10.7648,N/A
Sushi One Superior Desenzano,45.4651,10.5518,N/A
Pasticceria Gambasin,45.8361,11.8538,N/A
Pizzeria Blu Notte Snc Dei F.lli Gherri Enrico e Mirella| Correggio| Reggio Emilia,44.7337,10.7545,N/A
Ines Stube,45.7467,9.2695,N/A
Balobino Lendinara,45.0878,11.6036,N/A
San Michele Ristopizza,45.5806,9.5556,N/A
Jubin Due - Ristorante Cinese,45.4876,9.2184,N/A
MEI SHI MEI KE,45.0774,7.6673,N/A
Manu√® Ristorante Pizzeria e Friggitoria,45.6997,9.7378,N/A
Ginzo - Creative Taste Padova,45.4101,11.9024,8
Pizzeria Linus Brescia,45.5183,10.2245,N/A
Pizzeria Il Giglio,45.408,10.8515,N/A
Il CHIOSCO - Sosta e Shop - Sequals,46.1417,12.858,N/A
Pizzeria Giuliana,45.7258,11.6751,N/A
Pasticceria Passoni,45.9448,9.4681,N/A
Burggr√§fler,46.6901,11.1556,N/A
Gelateria Antica Torre,45.8009,8.3875,N/A
The Temple Bar,45.0268,9.1588,N/A
Creo Bakery Caf√®,44.7606,10.4485,N/A
Yang Asian Restaurant - Costa Volpino,45.8275,10.1073,N/A
"Ristorante-Pizzeria ""Del Brenta""",46.1517,10.9608,N/A
Restaurant Pizzeria W√ºrstlhof,46.4546,11.3354,N/A
Preziosilla,45.5932,10.3121,N/A
Ristorante Delfino,45.4009,9.9286,N/A
DOPOLAVORO,45.5269,9.5258,N/A
Panin Onto & Bira Bona,45.4939,12.1101,N/A
Ristorante OKAI,45.6951,9.6669,N/A
Ristorante Pizzeria Bar Lido,46.0379,8.7345,N/A
Pizzeria Al Greco,46.4103,12.8057,N/A
Pizzeria da Pietrino,44.7079,8.8882,N/A
La Fossa Romea,44.982,8.8751,N/A
Pizzeria Cusinot,45.0523,7.3015,N/A
Pizzeria Ristorante Da Arnold's,46.6949,11.9393,N/A
B+ Caf√®,44.4909,11.2381,4
Excalibur Ristorante Pizzeria,45.3329,10.0836,N/A
Ristorante Il Lupo,44.9078,9.815,N/A
Antico Forno,45.4382,12.3336,N/A
Pizzeria Ristorante Nuovo Ronche,45.7643,12.5333,N/A
Rosa Ristorante Pizzeria,45.2281,11.8778,N/A
Taverna del Gufo,46.2683,12.3003,N/A
Il casolare da Ross e Simo,44.4963,12.0578,N/A
Il Piccolo Arcobaleno,45.188,9.1537,N/A
Brunch Cafe,45.4373,12.3311,N/A
"Osteria Pizzeria ""Senza Tempo""",45.0257,10.9952,N/A
Agrigelateria Guado,45.2882,9.3426,N/A
Birreria Romagnolo di Bonato Luca e Bianchi Davide & Co S.a.s.,46.49,11.3364,N/A
Pizzeria Ristorante Bella Napoli,45.6821,13.1273,N/A
Ristoro Di Dante,44.4321,10.4107,N/A
Maoji Street Food,45.4838,9.2193,N/A
Pasticceria Ugetti,45.0779,6.7077,N/A
Al Giardinetto Oderzo - Pizza e Cucina,45.783,12.493,N/A
Piadineria la Piadeina,44.4942,11.3453,4
La Sorgente Ristorante Pizzeria Indiano Italiano Novara,45.4751,8.613,N/A
Pizzeria Ristorante La Picara Casalmaggiore,44.9804,10.4251,N/A
Gelateria Nico,45.4296,12.3262,N/A
B√§ckerei Konditorei Gatterer des Paul Gatterer & Co. OHG,46.8062,11.836,N/A
China Town,45.0435,9.7007,6
Albergo delle Alpi,46.3267,10.3255,N/A
Pasticceria Botter,45.8542,12.0244,N/A
Trattoria ai Cortili di Giordani Maria Alessandra,44.6558,11.6551,N/A
Cuore di Luca Brancati,45.6917,11.426,N/A
Hiro Restaurant,45.5315,9.0649,N/A
Yuan Sushi Revolution,45.3909,11.8065,8
Frankly,45.4843,9.2144,1
Don Raffaele - Trattoria Pizzeria,45.4587,9.154,1
Pizzeria Al Grottino Brugherio,45.5551,9.2986,N/A
Amici Miei Restaurant,45.0669,7.6684,N/A
Sleppa - ùòÉùó∂ùóÆ ùó©ùóÆùóπùóπùóÆùòáùòáùó≤,45.4852,9.2311,N/A
Vurria Moscova | Pizzeria,45.4767,9.1891,1
Ristorante Pizzeria La Terrazza,45.7523,10.4804,N/A
Pasticceria Ruffoni,45.8746,9.6508,N/A
Trattoria Risol Ristorante,45.915,10.0629,N/A
Koriander,46.7922,11.9808,N/A
La Corte del Duca Pizzeria,44.7495,11.3922,N/A
Rifugio √útia Bioch,46.5471,11.9097,N/A
"Gelateria ""Da Vitto""",44.3612,9.143,N/A
Ristorante Braceviva,45.6844,9.8233,N/A
Binta Ristorante Pizzeria,46.77,12.1754,N/A
Vesuvio,44.3089,8.4783,N/A
Pizzeria Ristorante AL RIO,46.5469,12.4542,N/A
Gelateria Settimo Cielo,45.1752,11.0637,N/A
Edelweiss Stube,46.5656,12.6802,N/A
Bunker,45.7791,11.8036,N/A
Caff√® Florian,45.4336,12.3382,N/A
Panificio Luppi MN,45.0092,11.2799,N/A
Spazio Caffelarte,45.6713,12.1708,N/A
D√∂ner Kebab - Kebapci Aga San Fior (TV),45.9192,12.3548,N/A
Kalcheralm,46.8499,11.3224,N/A
Via dei Luppoli Pub,45.5548,12.1372,N/A
Panificio Fiordiponti,44.3298,9.2124,N/A
Kowa sushi - Castel Bolognese,44.3249,11.7875,N/A
Pizzeria Ristorante La Civetta,46.1413,10.7734,N/A
Caff√® delle Carrozze,44.3166,9.327,N/A
Al Laghetto Cicogna,45.2765,11.487,N/A
Pizzeria Officina,44.9715,7.7637,N/A
Cafe Bel Sit,45.1229,8.7992,N/A
Ristorante e Pizzeria L'Ora | Riva del Garda,45.8786,10.8578,N/A
Pub 900,45.5221,10.8328,N/A
Ristorante Pizzeria La Fontana,44.9729,8.9577,N/A
Saccaro,45.9515,12.4885,N/A
PIZZERIA FILO 2.0 - Fidenza,44.8519,10.0757,N/A
L'Hamburgheria -la fabbrica del panino-,45.6307,12.573,N/A
PizzaRandom,45.6117,8.9516,N/A
Pizzeria JAMM Vercelli,45.3238,8.4099,N/A
Tairyo,45.4689,9.1528,1
Ristorante Europa,44.8783,10.1713,N/A
Steakhouse Gerhard Restaurant & Pizzeria,46.6254,11.1475,N/A
Mamma Mia Pizzeria,44.853,10.7368,N/A
Il Circolo di Tornavento,45.5831,8.7083,N/A
Retrogusto Ristorante Pizzeria,44.6775,10.0937,N/A
Arcano,44.7752,8.359,N/A
Chicken n Chicken,45.5443,11.5319,N/A
Pizzagrill Incanto,45.5713,9.761,N/A
DedasPuri Ristorante Georgiano & Wine Shop - Pavia,45.1854,9.1534,N/A
Farini,45.4383,12.3339,N/A
Napul√® Hamburgeria Friggitoria & Pizzeria Napoletana,45.6802,9.7204,N/A
La Sosta,46.1271,8.5,N/A
Alpina 1954 Ristorante Pizzeria,46.0478,11.8741,N/A
Pizzeria La Rocca 019,45.5638,10.1179,N/A
Trani Braceria Pizzeria,45.8044,10.1077,N/A
Ristorante Pizzeria Zurigo,45.8518,10.9716,N/A
Pizzeria Moncalveat,45.0506,8.266,N/A
Tavernetta da Nani,45.0937,11.4911,N/A
Mani in Pasta - pizza & co.,45.9664,12.319,N/A
da Pino Padova,45.4077,11.8782,8
Gemma Grill,45.8127,12.4763,N/A
Gelateria Brina,45.5801,9.708,N/A
Il Kapuziner Platz im Wald (CASTELSEPRIO-Va),45.7095,8.8673,N/A
Tivoli Pub,45.7394,9.6122,N/A
Corte Vittoria,45.3845,10.7867,N/A
Ristorante Pizzeria Nonno Socrate,44.6542,11.7695,N/A
La Playa,45.8029,8.6499,N/A
Kisen Sushi Milano,45.4589,9.1795,1
TWISTER Pizza & Restaurant,45.6267,9.2758,N/A
Birracrua,45.5594,11.5171,N/A
Pizza OK,45.4745,9.2103,1
Ristorante Pizzeria DA GIGI,45.7591,10.8084,N/A
Pizzamorefantasia,45.6016,8.8928,N/A
Birrificio Gregorio,44.8104,10.324,10
Osteria Pizzeria Daim√≤,44.4689,11.412,N/A
Feltrin Gelateria & Wine Bar,45.7811,12.2596,N/A
Paddock,45.655,10.0464,N/A
Xin Sushi,44.8443,7.7304,N/A
Fitz,44.4809,7.5045,N/A
Main Street Pub,45.47,10.5318,N/A
Pizzeria All' Angolo,46.1688,12.7044,N/A
Antigua Bar & Steakhouse,45.649,9.2813,N/A
Il Mascalzone pizzeria con cucina,44.7662,11.2787,N/A
Panificio Pasticceria Tossini,44.3173,9.3242,N/A
Pizzeria Castello,45.3627,10.4318,N/A
Banda Bistropub Feltre,46.016,11.9076,N/A
Ristorante Pizzeria LaPerla,46.2816,13.1092,N/A
Il Gattaccio,45.1201,12.3228,N/A
Ristorante Pizzeria Baciami Ancora,44.9372,10.4969,N/A
Pasticceria Maniscalco - Rainero,45.6199,8.1586,N/A
La Locanda Di Vinadio,44.3067,7.1742,N/A
Arbor,45.7833,12.4935,N/A
La Mela Verde,45.8137,9.4214,N/A
Osteria al Bacaro,45.8013,11.9145,N/A
Pizzeria Luna Rossa-Carnia,46.4134,12.9131,N/A
Gelateria Toldo,45.8544,9.3912,N/A
La Cueva,45.5462,11.5131,N/A
Ristorante Pizzeria Piccadilly,44.7257,10.0884,N/A
Da Lauro,45.9992,12.2933,N/A
Ca' Solare,44.943,11.7617,N/A
Ristorante pizzeria Sunrise Bormio,46.4655,10.3727,N/A
Pizzeria Amore,45.636,13.0604,N/A
DiNapoli Masters Pizzaioli,45.6486,13.766,N/A
Pasticceria Bonati,45.7265,9.6097,N/A
Alfio Ristorante Pizzeria Bar,45.9605,10.9138,N/A
Il Tiglio Ristorante Pizzeria,45.8139,8.2588,N/A
Il Banco,44.7585,8.7842,N/A
Ristorante La Lumira,44.7122,11.3127,N/A
Puro Malto,44.6838,10.2887,N/A
Ristorante Pizzeria 4Strade,45.2176,10.4208,N/A
Ristorante Pizzeria Rosso Peperino,45.9471,10.294,N/A
Pasticceria San Gaetano Da Mariano,45.8279,11.8853,N/A
Japan House Vittorio Veneto,45.9755,12.3073,N/A
Ristorante Campiello,45.9568,12.8361,N/A
Ristorante Pizzeria Giardino,46.3648,11.0331,N/A
Pizzeria da Nin√≠,45.5695,9.8529,N/A
Ristorante Pizzeria Il Castagno,45.779,9.4943,N/A
La Caveja,46.1387,12.2168,N/A
Panorama Al fil,45.7384,10.7302,N/A
Gelapajo,44.4023,7.4103,N/A
Ristorante Pizzeria Ae do Rode,45.5978,12.882,N/A
Madama Vigna,44.9033,8.0909,N/A
Pub - Pizzeria Biker's - Pub Alzano Lombardo,45.7379,9.721,N/A
Ristorante dell'Olmo,44.8809,8.575,N/A
Trattoria Zamboni,45.4751,11.536,N/A
Maccalli Bread & Cakes,45.4952,9.6462,N/A
AmaLe Muggi√≤ - Pizzeria Contemporanea,45.5956,9.227,N/A
Atelier della Pizza,45.1343,8.4578,N/A
Gelateria Oasi,45.459,9.1782,1
Sarchiapone pizzeria Torino,45.0591,7.6813,N/A
Cocorico,45.5002,12.6292,N/A
Fabbrica Libera,45.6883,9.3167,N/A
Pizzeria ALEXANDER PIOSSASCO *****,44.9853,7.4599,N/A
Eisdiele,46.3145,11.2718,N/A
Pizzeria Ristorante Charlie,45.6265,12.3726,N/A
La sacra birra,45.0931,7.3777,N/A
La Smorfia Srl Nonantola,44.678,11.0425,N/A
Trattoria San Basilio,44.9453,12.1767,N/A
Ristorante Birreria I Templari,45.8738,12.2424,N/A
La siciliana Caffetteria Pasticceria Trattoria di Ficarra,45.7677,8.8133,N/A
Central Theater Caf√®,46.7335,12.2793,N/A
Don Matt√© Mathi,45.2488,7.5424,N/A
La Bella Matil Detta Pizzeria con forni a legna & Forno Gluten Free,45.4693,8.7038,N/A
Trattoria Al Galo,45.4251,11.1751,N/A
L'Osteria Di Camurana,44.8627,11.0783,N/A
Restaurant Engelkeller,46.3114,11.2689,N/A
Portobello Food & Drink,45.2066,10.7935,N/A
Pasticceria Aries Giorgio & C.,45.8445,8.6695,N/A
La Coccinella,44.6514,8.3625,N/A
Ristorante Pizzeria Al Parco,45.3399,11.0701,N/A
Double B. Burgers,45.5937,12.1484,N/A
Al Fortino Trattoria Pizzeria,45.8607,11.46,N/A
Pizzeria Papier Ma√Øs,45.7582,12.2507,N/A
Tapas de Pescado,45.4504,9.201,1
Focaccia In Piazzetta,44.3647,9.1471,N/A
Albergo Ristorante al Caminetto,44.5124,11.8282,N/A
Ristorante Giapponese Koi,44.8,10.3383,10
Al Desco Pizzeria Gourmet,44.9525,9.0315,N/A
Zum goldenen L√∂wen,46.7959,11.939,N/A
Birreria Pizzeria Piper,45.0854,11.6011,N/A
Donna Titina,45.4894,9.1636,1
Le Sablon,45.4339,11.8902,8
Ristorante Sunshine,45.9298,8.5684,N/A
Gelateria Mister Ice,45.3823,7.7088,N/A
Vivina restaurant beer-house,46.1548,12.7333,N/A
Ai Due Delfini,45.9033,13.3099,N/A
Volo Leggero,45.2624,11.1933,N/A
Ristorante Pizzeria Cellini,46.0849,13.37,N/A
Ristorante pizzeria Da Pia,44.9796,7.7516,N/A
American Bar Gelateria Oasi Srl,45.5416,9.5557,N/A
"Pizzeria Trattoria da ""ICIO&PAOLA 1989""",45.7244,11.5935,N/A
Walter's Food | Griglieria - Hamburgheria - Birreria,44.9724,7.7634,N/A
La Civetta,44.821,7.2284,N/A
Ristorante Pizzeria Rita,44.3538,9.5451,N/A
Dassie Gelato - Sant'Agostino,45.6675,12.2505,N/A
Ristorante Pizzeria le Fucine,45.8853,11.03,N/A
Ristorante Pizzeria Cafe' del Ricordo,44.8857,11.4151,N/A
Bar Pizzeria da Pedro,45.7648,10.8074,N/A
Sacchio1970,45.0387,9.7084,6
Brasserie al Mulino,45.7394,11.653,N/A
Pizzeria Rivasecca,45.8338,12.038,N/A
Ristorante Pinseria Le Forche,44.635,10.5751,N/A
Ristorante Griglieria Pizzeria Il Glicine,45.4424,8.8632,N/A
Passaparola,45.2143,12.2948,N/A
Salvetti - 1885 - Forneria Pasticceria Caffetteria,46.24,10.3994,N/A
QR Unconventional Food,45.3344,11.5632,N/A
Santa Lucia,45.4006,10.3145,N/A
Joker Caf√© Birreria Paninoteca,45.613,8.8502,N/A
Tourl√® LaPizzeria e ilGrill Altavilla Vicentina,45.5231,11.4883,N/A
Nuova Pizzeria e Ristorante Capri,45.3263,8.4246,N/A
Ristorante Tavel,46.1635,11.0029,N/A
Artigiana Fiume,45.9321,12.7268,N/A
Panetteria Gasparini üçû,45.7464,11.4334,N/A
Ristorante Carosello,44.3972,11.3348,N/A
Chalet Spolverino,46.285,10.8374,N/A
Pizzeria Linus Rezzato,45.5092,10.3216,N/A
Trattoria Croce Bianca 2. M. C.C. Di Massolini Anna & C. Snc,45.7032,10.3874,N/A
Ristorante Casa Nardon,46.2091,11.096,N/A
Sennerei Drei Zinnen,46.7297,12.2187,N/A
La Puppola Ristorante Toscano,45.9308,9.4864,N/A
Sushi Kibo,45.0521,9.8787,N/A
Ristorante da Aldo vidigulfo,45.29,9.2358,N/A
Ristorante Pizzeria Delfino Blu,45.6799,13.4039,N/A
Osteria Pozzodipinto,45.9892,12.8774,N/A
Ristorante Pizzeria Jolly,46.241,11.2081,N/A
La Gardenia Trattoria-Pizzeria,44.3326,11.1876,N/A
Pizzeria Magia,45.8738,11.5077,N/A
Ristorante Cinese Asia,45.6303,8.8268,N/A
Pantagruel Pizza & Rist√≤,45.2164,10.8932,N/A
Risotteria Melotti Isola della Scala,45.2728,11.0063,N/A
Pasticceria Terraglio,45.6359,12.2405,N/A
Pizza Leggera Pavia,45.2024,9.1494,N/A
Ca' della Brace,45.5191,12.1778,N/A
Gaia Bistr√≤ Dongo,46.1275,9.2823,N/A
Ristorante Dong,44.4719,11.4203,N/A
The Temple,45.0562,9.6997,6
Hamburgeria Bellaria,44.9153,9.7893,N/A
Avalon,45.7179,7.276,N/A
Pizzeria Ristorante Al Veliero,44.7912,10.3615,10
Strike,44.3467,11.7156,N/A
Pizzeria da Rosario Ristorante Bar Locazione Turistica,46.0782,11.9572,N/A
Gelateria Costantin,45.9121,9.3176,N/A
UNA Sushi Restaurant,44.6326,11.1923,N/A
La Razdora,44.8625,11.5118,N/A
Der Keller Pizzeria,46.795,11.9413,N/A
LA ROCCA farinata e vino,44.8497,8.8701,N/A
Al Gambero,45.3492,10.343,N/A
Ristorante Pizzeria San Fermo,46.011,11.9158,N/A
Ristorante Pizzeria Crotto Buzzi,45.9081,8.8959,N/A
Gelateria TOLVE,44.573,11.3623,N/A
Antica Focacceria Fiorentina,45.4814,12.2377,N/A
Dusci Via Grazzano,46.0563,13.2309,N/A
Ristorante Osaka,45.6855,9.7311,N/A
Giulietta Vintage Pizza,45.7065,9.6054,N/A
Pizzeria L'Abbazia Saletto,45.2285,11.5286,N/A
Al Bivio degli Artisti,45.5275,12.1608,N/A
Pizzeria Il Piacere srl,45.5309,10.2406,N/A
RockCaf√® Modena,44.6399,10.9305,N/A
Rifugio Degli Artisti,44.7722,11.3469,N/A
Bar Pizzeria Da Mario Snc Di De Rosa Armando & C.,46.1545,12.7086,N/A
Da Ezio | Ristorante in Collina,45.3499,11.6741,N/A
Pasticceria L'Artigiana Srl,44.3482,7.7725,N/A
La Lumaca Di Prato Barbieri,44.7399,9.6653,N/A
Hostaria Vite Rossa,45.4849,12.2404,N/A
Caff√® Busetta,45.2907,11.5391,N/A
Pasticceria Gelateria New Style,45.2321,11.8736,N/A
Ristorante Pizzeria Lunaelaltro Marostica,45.7366,11.6608,N/A
Ristorante Pizzeria Cafe' Mania,45.7034,9.3469,N/A
Gastronomia Yamamoto,45.46,9.1867,1
Sushi Tao Verona ( we are not all you can eat),45.4423,11.0007,9
Yeti ‚Ä¢ Pila,45.6887,7.3116,N/A
Crosta,45.4708,9.2092,1
Ristorante Lamm,46.5735,11.6592,N/A
Home Stube,46.2273,10.8259,N/A
Trattoria alla Contadina,46.0686,13.3937,N/A
Kaori Japanese Restaurant,45.5968,9.1697,N/A
Ravioleria,45.4372,12.331,N/A
Civico Uno Food&Pizza,45.1867,9.1593,N/A
il Birrificio di Como,45.7892,9.0826,N/A
Pariani Pasticceria e Gelateria (Busto Arsizio),45.6102,8.8572,N/A
Gelateria Bandirali,45.3514,9.6877,N/A
SushiTO,45.1598,7.7095,N/A
Ciacco,45.4637,9.1868,1
Food truck Dal Vezza,45.7234,8.9859,N/A
Peter's Hamburgheria,45.1501,8.9592,N/A
Ristorante Pizzeria Le Vele,44.6679,12.2438,N/A
Gabry Pizzeria & Ristorante,45.4194,11.2837,N/A
Il Gabbiano di Massone Roberto,44.9149,9.0266,N/A
Sabbia d'Oro Ristorante Pizzeria,45.2108,9.3549,N/A
Ristorante Pizzeria L' Arina del Sante-Pizza & Cucina- Peschiera d.G.,45.4415,10.7054,N/A
Sherlock Holmes,45.9181,12.8584,N/A
Atmosphera,45.6352,13.0473,N/A
Vecia Societ√†,45.8027,11.3518,N/A
Il Veliero Borgo Mantovano,45.0241,11.1232,N/A
Pizzeria Da Stecca,45.474,11.4511,N/A
HAMA SUSHI ristorante giapponese,45.5499,10.7225,N/A
Ristorante Pizzeria Grattacielo,45.7963,9.8347,N/A
Pizzeria Ristorante del Tosco,44.9476,8.9197,N/A
Terrazza a Mare,45.6883,13.1479,N/A
Hubenbauer,46.7378,11.6358,N/A
Bar Da Lucio,44.9631,9.0588,N/A
PAUSSA's Bakery - Cormons,45.9432,13.4607,N/A
Birrificio di Quero,45.9282,11.9364,N/A
Ristorante Drago D'oro,45.8879,11.0448,N/A
Ristorante Pizzeria Da Silvio,46.2748,12.0367,N/A
Pizzeria al Porto di Arco,45.8792,10.8733,N/A
RISTORANTE/PIZZERIA IL SOGNO,45.8088,9.0517,N/A
Ristorante Molinetto,44.4358,12.2705,N/A
Ristorante Pizzeria I Tre Archi,45.751,7.6476,N/A
Castl√® - Carni alla brace,44.8274,7.9365,N/A
La Bussola,44.3458,8.5497,N/A
Ristorante Pizzeria Bucaneve,46.3204,10.8359,N/A
Il Nuovo Villaggio della Fonte,44.674,7.5637,N/A
Stella PUB,45.8193,9.3093,N/A
Basil & Co.,45.5447,11.5488,N/A
Pizzeria Restaurant Barracuda,45.0531,9.4429,N/A
Sushi Maison 2 Crema,45.3527,9.6886,N/A
Ristorante Orientale,45.4845,12.2329,N/A
Gelateria Gemma since 1970,45.6953,9.6866,N/A
Gran Gelato,45.5792,9.2523,N/A
Gelateria Puro & Bio Lodi,45.3115,9.4981,N/A
Ristorante Pizzeria La Rustica,45.9967,8.7525,N/A
Fumagalli Pastries,45.7326,9.3145,N/A
Bar Ristorante Pizzeria La Bussola,45.6359,10.599,N/A
City Wok,45.039,9.719,6
Gelateria al Rond√≤,44.8387,8.0715,N/A
Birraria da Bauce,46.4301,12.2326,N/A
Trenti pub,45.7948,11.7233,N/A
Bar Pasticceria Mastai,46.3194,9.3987,N/A
Buffalo Grill da Pino,45.6458,11.5763,N/A
La Bottega del Gelato,46.4977,11.3369,N/A
Ristorante Pizzeria da Mimmo,44.886,11.4186,N/A
Wulfenia da LIVIO,46.5571,13.2785,N/A
La Siciliana,45.4887,9.2296,N/A
Come 'Na Volta Hamburgeria - Scandiano,44.5945,10.7006,N/A
Ristorante Corte San Carlo (Giropizza a Saliceto),44.9978,9.9089,N/A
Bar pizzeria Cinzia,45.7354,10.4685,N/A
NOI - Mercato delle Erbe,44.4961,11.338,4
Ristorante Pizzeria da Franco,45.8412,9.6648,N/A
Pizzeria Don Pedro,46.0364,10.8758,N/A
Sioneri,44.7385,7.9994,N/A
Ristorante Pizzeria Leon D'Oro,45.6595,10.0473,N/A
L'Altro Carlo R√® Dal Gianlu,45.3727,11.1223,N/A
Caff√® Veneziano,44.3313,10.8314,N/A
Pizzeria Ristorante al Fiume,45.9205,10.8905,N/A
Alfieri,44.7669,8.0689,N/A
Sushi 2.0,44.7943,10.8749,N/A
La piccola Conchiglia,44.9924,10.7469,N/A
Ristorante Pizzeria Zodiaco,45.0283,9.1594,N/A
Chakramen & U Sushi1,45.6306,12.5858,N/A
The Gammon Pub,46.0294,12.6198,N/A
Osteria La Vecchia Corte,45.1898,9.7434,N/A
Trattoria Fossatone,44.4954,11.5681,N/A
Ristorante Pizzeria Dedomenici,44.8521,9.0972,N/A
Ristorante Sushi Sakura Vittuone,45.4838,8.9543,N/A
Dal√¨ - Ristorante Pizzeria Lounge Bar,45.9357,8.5754,N/A
Gelateria Florian,45.0829,7.4019,N/A
Gelateria Da Bepi,45.4281,11.914,N/A
Istanbul Kebab e Pizza,45.8094,13.5333,N/A
Padellone Tranci&Piatti Pizza al Trancio-Carne alla Griglia-Hamburger,45.5447,9.0009,N/A
Block House,45.5708,11.9324,N/A
Ristorante Alla Piazza Koya,45.0475,9.6744,6
IM KULT,46.6551,11.1471,N/A
Pizzeria Ristorante du Tunnel,45.7905,6.9718,N/A
Da Salvatore,45.6864,13.1362,N/A
Gelateria Pilier central - Pasticceria,45.7556,7.0393,N/A
Al Grill - San Marco,45.4339,12.335,N/A
Pabo's Pizza Rovato,45.5603,10.0163,N/A
Flame Codroipo,45.957,12.973,N/A
Pizzeria Trattoria da Giorgio,45.2686,10.7736,N/A
Caffarel S.P.A. Negozio Aziendale,44.8171,7.2448,N/A
Cambius,45.9589,8.5464,N/A
Carpe Diem,44.9168,7.2484,N/A
Petronilla,45.7925,9.1979,N/A
Osteria della Pizza,45.7823,12.6496,N/A
Trattoria Sofia,45.3394,11.2419,N/A
Ristorante Pizzeria Le Quattro Rose,44.8318,11.1286,N/A
Sorbole!,45.1741,7.8317,N/A
Pizzeria S. Lucia,45.6918,9.5689,N/A
Gelateria La Carapi√±a,46.1472,9.3057,N/A
Ristorante Pizzeria AL SOLE,46.0057,11.2727,N/A
Ristorante Pizzeria Giro',45.4255,11.137,N/A
Kuuk Pizza,44.9166,8.6102,N/A
Gelateria Jelassic Park,44.4705,11.4094,N/A
Gastronomia Da Marco,45.2565,11.1357,N/A
Le Vieux Bourg,45.8213,7.2289,N/A
Ayaki Sushi Ristorante,44.3524,11.7104,N/A
Arcadia Pizzeria Steak House,45.6504,10.4746,N/A
Gel√† naturale,45.5144,10.8938,N/A
Pizzeria La Dispensa,45.656,9.2548,N/A
Accademia della Birra,45.7846,8.7905,N/A
Binario Zero,45.5577,8.0667,N/A
Vanilla Bakery,45.4692,9.1547,1
Pizzeria Gennar√¨,45.488,9.2175,N/A
La Locanda dei Sapori,45.2144,9.501,N/A
La Locanda,45.7921,9.4124,N/A
Hokkaido Ristorante Giapponese,45.8594,8.6871,N/A
Pizzeria ristorante Il Cortile dei Frati,45.6137,8.3558,N/A
RaviolPub,44.7244,8.9275,N/A
Vecchia Pergine,46.0584,11.2402,N/A
Tre Vele Ristorante Pizzeria Pinseria,45.6258,8.7889,N/A
White Bar Busche - Lattebusche SCA,46.0406,11.9833,N/A
Il Pizzorante,45.5824,8.7158,N/A
Pizzeria Da Umberto locanda e cucina,45.6534,11.4185,N/A
Bar Piadineria LA FARFALLA,44.8761,12.1976,N/A
Ai Quattro Camini,45.4637,10.2061,N/A
G - Gelateria Corso Telesio,45.0817,7.6288,N/A
Al Cantuccio,45.8007,9.8854,N/A
Pizzeria Martina,46.6909,12.366,N/A
Ristorante Pizzeria Villa la pausa,45.8087,10.5088,N/A
Takashi Genova,44.3954,8.9492,3
La Stalla Del Nonno,46.4775,11.7406,N/A
Capanigra Birra e Cucina | Pizzeria,44.3096,9.3466,N/A
Ristorante pizzeria La Palud da Rocco e Francesco Courmayeur,45.8178,6.9644,N/A
Area Gusto 1987,44.5076,11.0838,N/A
Taj Mahal,45.542,10.2121,N/A
Moby Dick,46.1447,13.2204,N/A
Pizzeria CHARLOT s.a.s. di Zappalorto Ezio & C,45.788,12.1745,N/A
Ristorante Shangrila,45.6455,8.3736,N/A
Al Vecchio Kalkerin Ristorante Pizzeria Affittacamere,45.8205,9.3949,N/A
Pub Rosa,45.8493,11.6697,N/A
CIVICO18,44.8244,8.1659,N/A
Greek Tavern Olimpia,45.0337,7.6687,N/A
Turonda | pizza ¬∑ bistrot ¬∑ drinks,46.5748,11.6705,N/A
Pasta Madre,45.6684,12.1813,N/A
Japan House San Vendemiano,45.8811,12.3252,N/A
Antica Pizzeria Trattoria da Gigi,45.5152,10.9471,N/A
Pizzeria da Albert,46.0666,11.1172,N/A
Pizzeria Locanda Antica Pieve,44.3315,9.9299,N/A
Ryo Sushi Fusion Restaurant,45.6767,8.3197,N/A
Al Cantun 311,45.2542,10.6719,N/A
La casetta del Gad,45.0421,6.8466,N/A
Pizzeria El Gringo,46.4405,12.3803,N/A
Pizzeria Sobborghi,45.5816,9.2862,N/A
Mario Ice Cream Shop,46.4869,11.3484,N/A
Trattoria Campocervaro,45.8662,12.4208,N/A
Civico 02 Cafe',45.2435,9.8778,N/A
Pizzeria Da Daniele,44.7906,10.3626,10
Meggima am See - Bar Restaurant Pizzeria,46.8908,11.87,N/A
"Restaurant, Pizzeria, Bar Putzer",46.783,11.6687,N/A
Bakery Tossini 2 Of M.Tossini & C. (S.N.C.),44.3502,9.2307,N/A
Pizzeria Il Chiostro,45.1854,11.1962,N/A
Pizzeria Marechiaro Garlasco,45.194,8.9307,N/A
Ginza Padova,45.4109,11.9068,8
Hanami Fusion Restaurant,45.5442,9.0033,N/A
Mani in Pasta - Pizzeria,45.473,9.211,1
Ristorante Pizzeria Italia,45.5326,8.4162,N/A
Ristorante Pizzeria Red Fox,46.2877,10.2627,N/A
Panificio Cappelli,44.8337,11.6173,N/A
Ristorante Pizzeria Minelli,44.7141,11.2989,N/A
Cooperative outlet of the Pennar Cheese Factory,45.8658,11.5011,N/A
Dago Red,45.7709,9.3384,N/A
"Pizzeria Ristorante ""La Pergola""",44.7658,11.2735,N/A
Gelateria Artigianale Mont Blanc di Terenzani Claudio & c. snc,46.0297,13.2159,N/A
Ristorante Casanostra,45.5768,9.5376,N/A
Ristorante - Pizzeria Celeste,45.8809,11.037,N/A
La Bula,46.5522,11.7636,N/A
Restaurant Pizzeria Lampl,46.6915,10.5441,N/A
Da Gino Trattoria Pizzeria,45.462,12.4725,N/A
Namaste Ristorante Indiano,45.7986,9.087,N/A
Pizzeria Trattoria La Capanna Nus,45.7456,7.4902,N/A
Trattoria La Gassa,45.6838,12.743,N/A
Bar Ristorante Pizzeria 2 Barche,44.8591,10.9657,N/A
Birrificio Citabiunda,44.7118,8.1349,N/A
Mauriz Keller - Restaurant - Pizzeria,46.5742,11.6715,N/A
Don Stuart Pub,45.1332,10.3524,N/A
Ristorante Pizzeria Gelateria Polin,45.6762,12.161,N/A
Peperino e Milano,45.4808,9.1859,1
Albergo Ristorante Pizzeria La Madonnina,45.4007,9.8987,N/A
Ru Yi,45.4373,10.985,9
Ristorante Pizzeria Bella Napoli E Albergo,45.5405,9.9396,N/A
Steakhouse LA TAMBRA - Restaurant & Pizzeria,46.558,11.7239,N/A
Speedy,44.5034,9.6281,N/A
LAQUOLINA,45.5849,9.4066,N/A
Pizzeria Sotto zero,45.9342,7.6293,N/A
Birreria Mariolo's Pub,45.7293,11.5,N/A
Solo Pizza,44.3088,8.484,N/A
Pizzeria da Gimo,45.2963,12.04,N/A
Pizzeria Sud Riva del Garda,45.883,10.8538,N/A
Croce Bianca,44.9273,9.914,N/A
Ristorante Pizzeria alle Rose - Tutto rinnovato!,45.1001,11.7365,N/A
Pizzeria Adamello,45.5896,10.5219,N/A
Osteria al Bacco San Vito al Tagliamento,45.9182,12.858,N/A
Baccanale,45.2904,11.7836,N/A
Pizzeria Regin√®,45.6149,9.044,N/A
Dusci Gangi,46.0838,13.2329,N/A
8 Sapori - Ravioleria Artigianale,45.0673,7.6913,N/A
Blanche Pizzeria,44.3515,9.3433,N/A
Sushi House,45.5351,9.3923,N/A
Ca'Romea Ristorante Pizzeria,45.4277,12.182,N/A
Grano Cucina - Ristorante Pizzeria Bar Panificati,44.9565,7.7868,N/A
L'uva e Il grano,45.0985,7.6648,N/A
Pizza Smile Chioggia,45.2154,12.2946,N/A
Antica Costese,45.1735,9.969,N/A
Sapori di Casa Max,44.4617,11.6952,N/A
BIRRERIA Artigianale Via Priula di San Pellegrino Terme,45.8331,9.6655,N/A
Vecchia Rocka Pub,45.0331,8.3865,N/A
Trattoria Albergo Pizzeria Veranda Barabasca,44.9588,9.9092,N/A
Workshop-Pizza in pala alla romana,44.307,8.4853,N/A
L'Angolo Nascosto,45.6299,12.0218,N/A
Don Peppe,45.4066,10.9765,9
Pizzeria Ristorante Primavera,45.6359,12.2479,N/A
IPPOCOCCOLO,45.5211,9.5921,N/A
Bar The Brothers,45.5231,11.0173,N/A
Birreria Lemon,46.0967,13.0867,N/A
Al Pescatore | Bar ~ Ristorante ~ Pizzeria ~ Residence,46.3825,10.9721,N/A
La Nuova Perla,45.432,12.3508,N/A
Ristorante Pizzeria La Toscanella,44.3793,11.6486,N/A
Gusto Divino,44.6459,7.4931,N/A
Barcelleria Chiavari,44.3353,9.3472,N/A
KIYOMI SUZZARA,44.9944,10.7333,N/A
Cascina Vecchia Pizzeria Ristorante,44.7442,8.3262,N/A
Pizza Jazz,45.8807,12.7132,N/A
Vicentini 1966,45.6862,11.6056,N/A
HAIKKY Ristorante Novara,45.4299,8.5843,N/A
Mama Eat - Gluten-free Restaurant & Pizzeria,45.4835,9.1701,1
Gelodoc,45.2305,7.603,N/A
Chihuahua Tacos,45.4523,9.1815,1
BAR GELATERIA I PORTICI,45.6317,8.7852,N/A
Ristorante Mexicali - Villasanta,45.6154,9.3109,N/A
"BAYRAM pizzeria, kebap, grill e burger- COSSATO-BI",45.5689,8.1836,N/A
Pizzeria Da Gaetano,44.6971,10.4695,N/A
Amaranto,44.4201,12.1946,5
19 al Paradiso,45.5104,12.1228,N/A
Vespucci Ispra,45.814,8.6074,N/A
Panorama - Lievito Madre Ristorante Pizzeria Bar,46.0043,11.2589,N/A
La Corte dei Ciliegi,45.4822,11.6144,N/A
Piadina Ciliegia,44.6656,12.2436,N/A
Ramon,46.4413,11.6946,N/A
Ristorante Yamakawa,45.6,8.918,N/A
No Format,46.0883,11.1212,N/A
Gelateria Gianni,44.4958,11.3402,4
Gelateria Arlecchina,45.6866,9.799,N/A
Birrificio Curtis Canava,45.3753,7.7349,N/A
Tokyo,45.3255,8.4214,N/A
TOMO SUSHI 7,45.5297,11.5005,N/A
Dal Zovo Cantina & Bistrot - Corso Cavour,45.44,10.9892,9
"Green - Ristorante, Pizzeria",44.3,8.477,N/A
La Rosa Blu Ristorante Pizzeria,44.8139,8.1077,N/A
Ristorante Pizzeria Il Cigno - Primaluna (lc),45.9812,9.4408,N/A
Pub Number One,45.35,10.3443,N/A
Ristorante Uzumaki,44.8321,11.2909,N/A
CRAK Brewery & Taproom,45.4835,11.9023,N/A
Ristorante Pizzeria La Concordia di Maccagno,46.0376,8.741,N/A
Gelateria Il Golosone,45.9039,8.906,N/A
Ristorante Pizzeria da Aldo,45.7635,8.5586,N/A
Chalet _ Rocca dei Folli | Pizzeria - Ristorante,44.6361,9.4912,N/A
Ristorante pizzeria L'Ammiraglio,45.7777,12.1109,N/A
Kartell Bistrot Panoramic,45.7908,6.9709,N/A
Pizzeria Sapori del Sud,45.7703,11.7356,N/A
Ristorante Yuxi,45.8026,13.5459,N/A
LE COLONNE GELATI & CREPES FAMOSE¬Æ,45.4565,9.1809,1
Papilla Milano,45.453,9.181,1
Koi Asian Restaurant,45.4984,12.6173,N/A
Kimuya Japanese Restaurant,45.5643,9.0771,N/A
Restaurant Pizzeria Kutscherhof,46.7154,11.6559,N/A
Ristorante Al Barracuda,45.6527,9.723,N/A
Restaurant Bar Pizzeria Christl,46.7616,12.0287,N/A
PinUp Pub,45.7766,12.1053,N/A
Il Rifugio Dei Briganti,45.0123,10.5075,N/A
Trattoria Argentina Refrontolo,45.9214,12.2076,N/A
Pizzeria Posillipo,44.3408,7.4976,N/A
Gelateria Isma,46.0812,12.1472,N/A
Giada | Hotel Ristorante Pizzeria,45.5028,11.6402,N/A
Pedrocchi Caf√©,45.4077,11.8772,8
Titti - Pizza da asporto e pizzeria,46.0532,11.4572,N/A
Nuova Pasticceria Lady,44.9198,10.2294,N/A
Uno Caff√© Olistico,44.4974,11.3462,4
Yalla Amigo,45.4364,10.9937,9
La Bottega del Kebab,46.07,11.1196,N/A
ICE CREAM,45.361,9.6829,N/A
La Prua,45.5071,10.8394,N/A
Pizzeria Al Gambero di Palmanova,45.9067,13.3088,N/A
Wen,45.8161,8.8252,N/A
Pasticceria Elisir,46.1791,12.2838,N/A
Dolomiti Quattro Archi,45.3598,12.0934,N/A
Pizzeria Fornella - Corvara,46.5516,11.8728,N/A
Special Movida,45.7013,11.8226,N/A
Restaurant Pizzeria Europa,46.935,11.4464,N/A
jenny doppia O,45.8803,12.7165,N/A
"Pasticceria DAF Trofarello Pasticceria e Gelateria Artigianale, Caffetteria, Aperitivo.",44.9739,7.7597,N/A
Sushi-si,44.4071,8.9351,3
Miu,45.5286,9.5917,N/A
Londrina,45.2248,7.6582,N/A
La Pecora Nera - Pizzeria,46.1651,9.9438,N/A
La Loggia Del Ce,45.3514,10.6007,N/A
Open Baladin Cuneo,44.3924,7.5459,N/A
Gelateria Cicci,44.8405,11.1444,N/A
Mythos Cucina Greca,44.4152,8.9255,3
Ristorante Pizzeria Il Faro,46.1375,9.3719,N/A
Mollica,45.0589,7.6833,N/A
Ali Bab√† e i 40 Panini,45.7023,8.4595,N/A
Sushi Stella,44.9037,8.8692,N/A
tiPinso,45.4782,9.2047,1
Chiosco Bar Isola Verde,45.4682,9.1311,N/A
City Istanbul Kebap-pizza-grill,45.3178,8.861,N/A
La Sgarbatella snc.,45.3412,7.6929,N/A
Antica Gelateria Sartori,45.4862,9.2067,1
Bacarando Corte dell'Orso,45.438,12.3374,N/A
Mad One,44.9818,10.4237,N/A
Ristorante Pizzeria Luna Rossa,45.1195,11.4048,N/A
Ristorante Pizzeria La Fattoria di brenzio(GRAVEDONA ed uniti),46.1472,9.2853,N/A
Pasticceria Artigianale Gelato Caff√®,45.9472,8.7674,N/A
Roma Pizza & Restaurant,45.2516,8.7326,N/A
Noodles&Sushi,44.8105,10.3306,10
Ristorante Nuova Pesa,44.6262,11.4919,N/A
Cirilli,46.0672,11.1249,N/A
All'Ancora,46.0741,12.1329,N/A
The Temple Pub,44.8016,10.5688,N/A
Da Leo Pizzeria,45.2143,12.2929,N/A
Pizzeria La Tavernetta,45.6534,11.8265,N/A
Rifugio Fodom,46.4868,11.8246,N/A
Ai Prati,44.6671,8.6642,N/A
Pizzeria La Lampara,45.6684,8.4223,N/A
Thai Fusion Torino,45.0671,7.6912,N/A
Chick a Boom Brasserie,45.8674,12.6239,N/A
Pizzeria Gelateria Cristallo,45.5467,10.7197,N/A
Frank Baracca | Pizzeria e Ristorante di pesce,45.8245,12.2114,N/A
Ristorante Pizzeria Maso Sveseri,46.2068,11.3237,N/A
Pizzeria La Noghera,46.0188,11.8915,N/A
Skay ristorante pizzeria,46.6048,12.4776,N/A
L'OTTANTAVENTI BURGERBAR (L'80/20),46.0131,13.3215,N/A
Cappello - Ristorante Pizzeria,45.0685,12.2444,N/A
Mondelli Stable,45.9114,13.1584,N/A
Carozzi Formaggi,45.948,9.453,N/A
Gyros kebab Halal,45.4396,10.6887,N/A
Pizzeria Hans,46.8475,10.5052,N/A
Pizzeria Geppo dal 1981,45.48,9.2136,1
Pizza Republic,45.5621,8.1134,N/A
Fiabe di Gelato,45.6114,8.8509,N/A
GIOMAKI DIGITAL SUSHI EXPERIENCE,45.6737,8.8263,N/A
La Teglia,45.6971,9.4095,N/A
Sushi K√≤bbo,45.4778,9.1987,1
Meet Sushi Restaurant,45.6909,9.4007,N/A
Ristorante Pizzeria Scanabecco,44.3136,11.1592,N/A
Tokyo Restaurant,46.1695,9.8693,N/A
Pizzeria Metropolitain,45.9507,12.1202,N/A
Il Giardino Del Roero,44.7185,7.9399,N/A
Ej Ristorante Giapponese,45.0841,7.4668,N/A
Lindt Factory Shop,45.8431,8.8248,N/A
Ai Dossi Ristorante Albergo,44.5876,11.9252,N/A
Pizzeria Ristorante da Miceon,45.7142,12.1927,N/A
Osteria Pizzeria La Calchera,45.592,10.3104,N/A
L'Arcimboldo Ristorante con Pizza Centro Storico Giardino e Terrazza a Lago,45.4946,10.6058,N/A
Pizzeria Il Cinghei,45.6552,9.3293,N/A
Brembati Pastry - Bergamo,45.7471,9.6166,N/A
Ciampinoi Self Service & Pizzeria,46.5387,11.7534,N/A
PizzArtist - DLF,44.5069,11.3523,4
Al Ciliegino Ristorante Pizzeria,45.9754,13.3918,N/A
Locanda del Lago 2.0,45.4233,8.0514,N/A
PLEASE - Pizza & Restaurant,45.6452,9.306,N/A
La Forchetta d'Oro - Ristorante Pizzeria,45.7086,9.4841,N/A
Pasticceria Caff√® del Sole,44.6798,12.241,N/A
Restaurant Pizzeria Bar Sportbistro,46.6245,10.6483,N/A
Ristorante Pizzeria San Giorgio,46.0735,12.5819,N/A
Lostaria Pizza Cibo e Birra,45.0242,12.2339,N/A
Kung Fu Bao,45.4899,9.2176,N/A
Ristorante TAIYO 6,45.5731,9.0597,N/A
Gelateria Tuttigusti +1,45.6126,8.7576,N/A
Le Nove Scodelle,45.4875,9.2173,N/A
Veganda,45.397,11.8793,8
Pizzeria Trattoria Capello,45.8209,13.3424,N/A
Bar Trattoria Locanda Il Sagittario,44.7621,10.4566,N/A
Gelateria Dolcelatte,45.6265,9.3218,N/A
Alpino,46.5056,13.5739,N/A
Stella Polare,44.5644,7.4564,N/A
Enobraceria il Gallo Nero,45.0069,12.2048,N/A
Cremeria Visconti,44.6752,8.472,N/A
Club Moritzino - Piz la Ila,46.5651,11.9065,N/A
Trattoria Menotti,45.9733,13.3557,N/A
Asian Restaurant Offanengo | Sushi & Grill,45.3751,9.7279,N/A
A Casa di Pulcinella,45.0529,7.6579,N/A
Pizzeria Trattoria La Lumiere,45.5763,10.9491,N/A
Hans Pizzeria Restaurant,46.729,12.2223,N/A
Ristorante Pizzeria Wunderbar,45.8747,11.5142,N/A
Cremeria D'Azeglio,44.4869,11.3395,4
Ristorante Pizzeria Re di Quadri,45.374,11.3906,N/A
Red Pub Scandiano,44.5974,10.6675,N/A
Bonelli Burgers,44.4988,11.34,4
Pizzeria e Spaghetteria Scoiattolo,45.9148,11.1744,N/A
Pizzeria - Gasthof Stern,46.6173,10.5948,N/A
Pizzacoteca di Brera,45.4728,9.1873,1
Pizzeria Autentiko (Appiano Gentile - Como),45.7313,8.9866,N/A
Pinsa Per Te,45.0828,7.3948,N/A
Q35 Ristorantino,44.4671,11.9605,N/A
Bar La Cambusa,46.0141,9.2831,N/A
Ristorante Pizzeria Il Vecchio Mulino,45.9334,10.296,N/A
Ristorante Pizzeria Cascina Del Conte,45.2973,11.2756,N/A
Ristorante Pizzeria La Salera,46.2918,11.4625,N/A
Dogali Ristorante Pizzeria,45.0412,7.3777,N/A
Bar Restaurant Le Palme,45.7281,9.402,N/A
Darsenale - Bizantina Brewpub,44.4228,12.2156,5
Gassl Br√§u,46.6398,11.5646,N/A
Ristorante alla Centrale,45.5571,12.1145,N/A
Osteria Pub Sirius,44.6665,11.3057,N/A
El Caracol,44.3141,9.8893,N/A
Trattoria Genzianella,45.7284,7.3562,N/A
Ristorante Pizzeria Centrale - La Spinata,45.8114,9.9032,N/A
Ristorante Pizzeria Bar San Marco,45.6836,12.6353,N/A
Stella d'Oro Trieste,45.6554,13.8071,N/A
Dubliners Irish Pub,45.0493,9.6917,6
ITAL INDIA Restaurant Halal Foods,45.4462,12.3261,N/A
Ristorante Lipen,45.6596,9.2902,N/A
Pasticceria Acquario - Catering,45.8102,9.537,N/A
La Buona Tavola,46.1606,12.1291,N/A
Ristorante pizzeria Maria Luigia Luxury,44.6422,10.3806,N/A
Gelateria i Giardini di Marzo,44.3595,8.5781,N/A
Sushisound Restaurant,45.0647,7.6783,N/A
Ristorante Pizzeria La Contea,46.0309,10.7333,N/A
Dirig√¨,45.5031,12.6368,N/A
U√ÇO PIZZA,45.0592,7.6812,N/A
Ristorante Pizzeria Andel Haus,46.172,11.0083,N/A
La Buca dei Diavoli,44.8047,10.1762,N/A
Ristorante Coreano Bada - ÌïúÏãùÎãπ Î∞îÎã§,45.4641,12.2117,N/A
Ristorate Pizzeria Bella Napoli,45.1358,7.0476,N/A
Bierstube Alleghe,46.4059,12.0228,N/A
Trattoria Da Ivana & Secondo,46.2085,12.9327,N/A
IL Pianeta 2000,44.4912,7.5423,N/A
Cruncheria by Renato Bosco - Verona,45.4432,10.9977,9
Gelateria Spini,45.6934,9.4417,N/A
La Rocca,45.6296,12.3742,N/A
La Riviera,45.0072,7.8894,N/A
Pizzeria I Partenopei Brescia,45.5345,10.2174,N/A
Vecchia Trattoria Monte Adone,44.3401,11.3027,N/A
Trattoria Pizzeria Al Lupo,44.9162,10.8548,N/A
BuonSushi Oriental Italian Restaurant,45.8506,8.9092,N/A
TRE Officina delGusto,44.9386,7.9451,N/A
Ladybug Bar,45.9855,10.3326,N/A
Ristorante Bistrot 55,45.4935,12.2418,N/A
Alla Fucina da Bepo,45.9298,12.7458,N/A
Ristorante Il Girasole,45.7239,12.5915,N/A
La Coccinella - Ristorante e Pizzeria,45.2709,10.0923,N/A
Bar Nela,45.8227,8.9586,N/A
Osteria 59,45.0366,11.2264,N/A
Pizzeria al Molin,45.9083,11.909,N/A
Alle Arcate,45.5211,12.0172,N/A
Ristorante Il Manuale 2,45.1941,7.7752,N/A
Ristorante Pizzeria Bar La Ruota,45.7808,7.7005,N/A
Il Bagai,45.5314,9.4079,N/A
Trattoria Il Diavoletto,44.4275,10.9242,N/A
Ristorante Pizzeria al Capriccio,45.1769,8.992,N/A
La Pizzoteca di Davide Medori,44.5479,7.7177,N/A
Sumishi,45.2146,11.7547,N/A
Ristorante Au Caruggiu,44.3277,8.5037,N/A
Pizzeria Restaurant Mausefalle,46.9168,11.9575,N/A
Calinferno pizzeria ristorante a San Fior,45.9009,12.3711,N/A
Moya Restaurant Japanese,45.4471,9.154,N/A
Mezza Libbra,45.9545,12.6599,N/A
Crema di Gelato,45.1964,8.92,N/A
Pizzeria Ciro Cascella 3.0 Milano,45.4615,9.2115,1
Al Tranvai - Pizzeria Trattoria,44.9948,8.3887,N/A
Lido 84,45.6252,10.5756,N/A
Ristorante Olimpia,44.9889,8.5421,N/A
Cos√¨ Com‚Äô√®,45.8176,8.8281,N/A
La Schiavenza,45.4345,8.024,N/A
MiraLago Pizza & Cucina Angera,45.7709,8.5709,N/A
Fiordifragola Ristorante Pizzeria,44.7295,7.9242,N/A
Special | Burger Restaurant,45.4191,10.9889,9
Sushi Ono Brescia,45.527,10.2603,N/A
Ristorante Pizzeria Lido 2.0,45.9061,8.8961,N/A
Ristorante Pizzeria Maffei,45.8851,10.8408,N/A
Don Chisciotte,44.7639,11.3663,N/A
Pivazzano Pizzeria Ristorante,44.3406,9.5902,N/A
Blancio pub pizza grill,44.8154,7.2244,N/A
Il Mulino Ristorante Pizzeria,44.9863,7.4642,N/A
Kamelot,45.27,9.7949,N/A
Ristorante Pizzeria La Fenice,45.8733,9.7311,N/A
Ristorante & Pizzeria al Capriolo Tovel,46.2944,10.9744,N/A
Route 66 Pub & Grill,45.4926,12.6089,N/A
La Fabbrica del Gelato,45.9729,9.1963,N/A
Il Gelataio Valdagno,45.6443,11.2997,N/A
Pizzeria Ermes 2.0,45.5172,11.8051,N/A
Mucca Argentina | Ristorante Argentino e Albergo,44.5782,10.9086,N/A
Al Masaniello,46.0553,13.2299,N/A
Cafe Lintner,46.5377,11.4648,N/A
Pizzeria Restaurant L Ciamin,46.5567,11.7502,N/A
Ristorante FUJI SUSHI,44.4737,11.0105,N/A
Ristorante Pizzeria Amici Miei,45.6452,8.4907,N/A
Le Papillon - Wood oven - Hamburger Gourmet,44.9521,7.1935,N/A
Gelateria Gallonetto,45.4372,12.3393,N/A
Pizzeria La Pieve,46.0302,10.3393,N/A
Pasticceria Il Quadrifoglio,44.5987,10.6963,N/A
Pizzeria La Talpa Miola,46.1272,11.2496,N/A
La Pinseria 1,45.071,7.6837,N/A
Big Bar,45.9977,10.3381,N/A
Da Vittorino Bistrot,45.6736,12.3332,N/A
Ristorante Trattoria alla Cappa d'Oro,45.1746,11.756,N/A
Haru,45.7886,9.3489,N/A
Oriental Restaurant,45.5642,8.158,N/A
Caprizza Pizzeria e Friggitoria,45.6968,9.6829,N/A
Ristorante Pizzeria 45,46.1169,8.2952,N/A
Gazebo Pizzeria Artigianale,45.0419,9.0809,N/A
Osaka - Ristorante Fusion,44.7956,10.3492,10
A Casa Mia,45.8452,12.3554,N/A
Pizzeria Ristorante Gaon,45.614,10.7973,N/A
Doppiozero Food Lab - Modena,44.6588,10.9203,N/A
La Contea di Montale,44.5661,10.9044,N/A
Ristorante Pizzeria - I Sapori di Casa Mia,45.3932,11.3916,N/A
Peperosa,45.7904,8.7534,N/A
Ristorante Pizzeria Valceno,44.6826,9.9093,N/A
Le Cinque Stelle,45.3291,8.426,N/A
Mezzaluna,45.2911,8.5895,N/A
SanGiorgio Le Colline,45.1873,9.4919,N/A
Gelateria Consuelo,45.5874,10.444,N/A
Gelateria Golosandia Snc,45.762,8.2688,N/A
La Curcuma Ristorante Indiano,45.7785,12.9178,N/A
Ristorante Pizzeria Leon D'oro Riva,45.8857,10.8393,N/A
Better Sushi,45.5997,9.8406,N/A
Trattoria Pizzeria Manzoni,46.0024,8.745,N/A
Il Barone Rosso,44.4796,11.633,N/A
Bar Centro Fondo Aisone - Aisa S.c.,44.3076,7.2218,N/A
Taverna Greca,45.065,7.6509,N/A
Olo-Olo Ravioleria,45.4897,9.1889,1
Pizzeria Il Ritorno,45.6666,9.0951,N/A
Ristorante Pizzeria Il Braciere,45.5769,10.0226,N/A
Ristorante e Pizza L' Imbuto,46.0609,8.7005,N/A
Ristorante Pizzeria Pellicano,45.4357,8.7482,N/A
King,44.9364,12.2273,N/A
Mair Fast Food,46.4921,11.3324,N/A
La Zagara @ Exenel,44.644,10.3814,N/A
Slurp,44.8363,11.6184,N/A
Ristorante Pizzeria Exotic,45.5657,10.5465,N/A
Gelateria Gelatami Costa Volpino,45.8304,10.1024,N/A
Bar Gelateria Valentino,46.2959,10.2718,N/A
PIZZERIA MAGGI 1953 Ristorante e Pizzeria,44.6567,11.1129,N/A
Gelateria Leffese di Coter Paolo e Mutti Veronica,45.8025,9.8857,N/A
Restaurant Pizzeria Wiesenheim,46.489,11.2614,N/A
Pizzeria Du De Cope,45.4419,10.9948,9
Pizzeria Basilico di Rey Bruno,45.4611,10.607,N/A
La Lanterna Galgagnano,45.3489,9.4431,N/A
Pizzeria Bar Italia,46.5345,13.6387,N/A
La Caliera Ristorante Pizzeria,46.0581,11.8888,N/A
Ristorante Pizzeria Al Porto/Centrale,45.8694,10.8765,N/A
Al Parco da Gigi,45.3718,10.9429,N/A
DON PEPPINO 'A PIZZA- RISTORANTE,45.5011,10.3473,N/A
Pizzeria trattoria Zio Pasquale e company,44.7083,10.4521,N/A
Napoleon,45.5065,12.0221,N/A
Pizzeria Antico Grano,45.9248,12.8419,N/A
Birreria Robin Hood,44.6195,10.723,N/A
Pizzeria Tempele,46.7398,12.3679,N/A
Sisten Irish Pub,44.8457,10.7276,N/A
Gelateria L'oasi,45.6679,9.9371,N/A
Ristorante Pizzeria Scugnizzi,45.1338,10.7193,N/A
Ristorante Pizzeria Papillo,46.5033,13.5094,N/A
Ristorante La Pianca,45.2537,7.5108,N/A
Corte Fusina Pizza Cucina e Griglia,45.5158,11.0159,N/A
Ristorante Giapponese Osen,44.9111,8.6144,N/A
Pizzeria Pomodoro Vezzano di Vallelaghi,46.0767,10.9975,N/A
Ristorante Pizzeria l'oro di Napoli,45.6529,8.7906,N/A
Hamb√π,45.8568,9.3855,N/A
Ristorante Vac √® Press Magenta,45.465,8.8853,N/A
Ristorante al Cavalluccio Duino,45.7737,13.5992,N/A
Ristorante Pizzeria Parlap√†,44.3635,7.8643,N/A
Il Covo del Ribelle,45.7225,11.7429,N/A
Pizzeria Agana,45.9944,11.7837,N/A
Santner's Pizzeria Restaurant,46.5403,11.5636,N/A
Lido' ristorante pizzeria SPIAGGIA,45.724,7.2755,N/A
Al Settimo - Pub | Ristorante | Pizzeria,44.7521,10.2162,N/A
Camping Comelico Pizzeria Alla Baita,46.5612,12.5709,N/A
Pizzeria Ristorante Locanda Dorem√¨,45.7317,11.3824,N/A
Pizza e Churrasco di Papillo Gianfranco,44.8303,8.3303,N/A
Trattoria Valtellina,46.1598,9.6384,N/A
Pizzeria Il Pinguino (dal 1978),46.029,9.1294,N/A
Ristorante Pizzeria Esperia,45.7799,13.0,N/A
Pasticceria Melograno Cisano,45.7435,9.4738,N/A
Japs! De Gasperi,45.0584,7.6627,N/A
Hamb√π Hamburgeria e Pinsa Romana a Varese,45.8215,8.8267,N/A
Greek Gyros e More,45.4583,9.2169,1
Cornetti Night,45.0762,7.6799,N/A
Ristorante Pizzeria Il Pescatore 4,45.1358,8.4502,N/A
Mr. Dick,45.456,9.1808,1
Locanda Costa dei Vigneti,44.8174,8.9275,N/A
Zena Zuena,44.4032,8.9421,3
Taverna Coppapan & Pizzeria Le Dahu,45.7095,6.9497,N/A
Borgo Di Dentro Pizzeria con cucina,44.641,8.6485,N/A
Lindt Chocolate Shop Franciacorta,45.5775,10.1203,N/A
Ristorante Pizzeria Corte Catenaccio,45.1892,10.6561,N/A
La Dolce Idea,45.0833,11.6006,N/A
Pizzeria Restaurant Pub ALPEN,46.611,11.1656,N/A
Gelateria Wind,46.0468,10.9526,N/A
Ca' Don√† da Vittorio - Ristorante Pizzeria,45.1308,11.8977,N/A
Muu Sushi - Porta Romana,45.4509,9.2014,1
Ristorante Pizzeria Belvedere Tirano,46.2181,10.1562,N/A
Astra 2,44.9964,9.6662,N/A
Bottega 14,44.8401,10.7592,N/A
Gemma Pizzeria - Verona Centro,45.443,11.0001,9
Ok Sushi Restaurant,45.823,8.818,N/A
Ristorante Moon Sushi,45.7493,9.3336,N/A
Ristorante Pizzeria Al Duomo,46.2092,11.0942,N/A
Bar Gelateria Flora Downtown,45.8865,10.8425,N/A
Locanda del Gatto Gordo,46.0678,11.1207,N/A
Dokdo,45.4515,12.0659,N/A
Osteria Santa Lucia,44.3072,11.0305,N/A
L'Antiga Taverna,45.4954,10.4128,N/A
Dai Fradei,45.267,11.1055,N/A
Val Form,44.6288,7.3749,N/A
Da Nettuno Ristorante Pizzeria,45.7571,13.3592,N/A
Ristorante Pizzeria al Mul√¨,45.9488,10.2066,N/A
Birreria Eldorado,45.3657,10.2081,N/A
1000 Gourmet Venezia,45.4358,12.3389,N/A
BEERGARDEN,45.7299,9.5741,N/A
Restaurant - Pizzeria Aquaforum Latsch,46.6108,10.8583,N/A
Gelateria San Gottardo,45.6965,8.4639,N/A
"Arhena + Bowling, Pizzeria & Snackeria",45.782,12.8516,N/A
Officina del Gelato,45.553,8.954,N/A
Willy's Burger - Hamburgher a Tema serie tv,45.4776,9.2169,1
Niv√† Gelato,45.0654,7.6935,N/A
Ristorante Zen - Sushi Fusion Orientale,45.7239,8.6488,N/A
Il Vizietto Di Cortina,46.5368,12.1377,N/A
Ristorante Pizzeria Al Pioppeto,45.5431,12.1121,N/A
Caf√® Del Pess,46.0198,9.2391,N/A
Ristorante Al Solito Posto,44.3599,8.5807,N/A
Ristorante Da Leone,45.8062,9.8498,N/A
Ristorante Pizzeria L'Ontano,46.1422,9.3743,N/A
Birrificio Bradipongo Srl,45.955,12.3631,N/A
Fogg,45.6663,9.9614,N/A
Grimalda Pizzeria e Pinseria,44.6869,8.6626,N/A
Ristorante Trattoria di Campagna,45.7161,7.2594,N/A
Barl√† Living Bar,45.7229,9.4441,N/A
Il Moro - Ristorante Pizzeria Steakhouse,44.9767,10.7732,N/A
Trattoria Pizzeria Donna Maria,44.9921,7.4909,N/A
Cascina Dell'Allaas,45.4703,7.9356,N/A
Postiglione - Steak House Pizzeria,45.7285,12.6861,N/A
Nosh - Asian Street Food,45.4386,10.9869,9
Donkey Pub,45.6668,12.0076,N/A
Ristorante Pizzeria Albergo Aquila D'Oro,44.9314,10.9092,N/A
Sushi Ono,45.1475,10.7967,N/A
La Monella,44.8798,9.0626,N/A
Alla Tripolitania,45.9334,12.2287,N/A
Gran Caff√® Defilla,44.3161,9.3269,N/A
Ristorante Pizzeria Vittoria,45.3807,7.8829,N/A
Ristorante Pizzeria Arco,45.6833,13.1293,N/A
Pizzeria La Gare,45.1797,11.0689,N/A
Ristorante Chiara,44.5418,8.9816,N/A
Ristorante Gusto Tondo cesano maderno,45.6396,9.1812,N/A
YAO Ristorante,45.4878,9.1918,1
Brisighella Bakery Caf√® Sanguinetto,45.1758,11.1543,N/A
Pizzeria Ristorante Il Giglio,45.3833,10.6881,N/A
Ristorante La Marcolfa,44.3278,10.8374,N/A
Tatum Hosteria - Pizzeria - Farinata,44.7566,8.5269,N/A
Re Art√π,44.7769,8.0071,N/A
Pizzeria L'Angolo della Pizza,44.6451,11.3746,N/A
Pasqualina,45.738,9.5817,N/A
Locanda Zanella,45.4661,12.4562,N/A
Torres Pizza&Food,46.0804,12.0338,N/A
Gelateria Frigidarium,45.8156,8.2535,N/A
Fiore Pizzeria,44.3294,8.5093,N/A
Sakari,45.7704,9.8116,N/A
Casa Del Gelato Ai Due Ponti,45.8586,11.9864,N/A
Gelateria Cagliani,45.9941,8.7328,N/A
Pizzeria Napoletana La Terrazza,45.4336,9.3411,N/A
Panificio Pasticceria Da Vi√†,46.4588,12.4163,N/A
Pizzeria da Diego,44.3267,8.501,N/A
La Farcia Cuneo,44.3859,7.5438,N/A
Donna P√®,45.6097,9.0374,N/A
Al Castel,45.3946,9.7185,N/A
Ristorante Pizzeria la Rosa,45.5356,10.7654,N/A
Gun√®,45.4389,10.7178,N/A
Antica Osteria Cascina Rossino 1949,45.6084,9.4052,N/A
Ristorante Pizzeria La Rotonda,46.0441,9.1505,N/A
Mulligans Irish Pub & Restaurant,45.6135,8.3588,N/A
Ristorante Capanna Valbione,46.2483,10.5066,N/A
New Factory- Prosciutteria,44.4084,10.8392,N/A
Ristorante Sushi Zero,45.7912,8.7958,N/A
Big Brutus,45.8363,13.4497,N/A
Fiume Azzurro,45.1954,7.8931,N/A
Pasticceria Clivati,45.4567,9.1703,1
Il Trio,44.6448,7.4679,N/A
Terra Mia,44.5971,11.047,N/A
Original Bier Fest,45.6623,9.6309,N/A
Ristorante La Trattoria dei Cacciatori di Imbersago (LC),45.7042,9.4448,N/A
Bar Ristorante da Silvio,46.1749,10.0078,N/A
Lido di Bellagio,45.983,9.2567,N/A
Ristorante Yama Sushi,45.2499,7.5559,N/A
Hotel San Giorgio Lodi,45.3292,9.4034,N/A
Restaurante Hayashi,45.1307,10.0,N/A
Trattoria da Berto,44.4454,10.0456,N/A
Mei Li Yuan,44.8853,7.3344,N/A
Ristorante Pizzeria Rio,45.8928,12.3336,N/A
Soul Kitchen,45.4052,11.8794,8
UNIKA CREMERIA,45.3634,9.6911,N/A
PASTA & PIZZA e non solo,45.4825,12.236,N/A
Alla Stazione - Birreria Paninoteca,45.8825,13.5105,N/A
Ristorante Pizzeria Dolomiti,46.3256,10.8612,N/A
NIHAO - Ristorante Ferrara,44.8896,11.8074,N/A
Trevissa,45.7206,12.2561,N/A
Moser Speckworld,46.657,11.0283,N/A
Pizzeria Br√ºckenwirt,46.8143,11.2417,N/A
Hidalgo,46.619,11.1883,N/A
InSISTO,44.308,8.4815,N/A
Pasticceria - Caffetteria Luciano,44.7254,7.3228,N/A
La Vecchia Caserma Sas di Mazzoli Marzia & C.,44.7325,9.9277,N/A
Gelateria Lapecoranera Rezzato,45.5122,10.3143,N/A
Taverna Dal Conte,45.379,10.6968,N/A
MaMeRo - Da Rocco,45.7178,9.7287,N/A
Yume Sushi Padova,45.3586,11.8723,N/A
Al Solito Posto | Padova,45.4332,11.8957,8
Sakura Ristorante Cermenate,45.7014,9.0943,N/A
Bar Gelateria Doctor Coffee & Mr Ice,46.203,13.1193,N/A
Pasticceria Gelateria La Briciola,46.0758,12.0261,N/A
Trattoria Rossi,45.0279,11.7253,N/A
U Sushi 5,46.2756,13.1089,N/A
Pasticceria Ore Liete,45.5685,12.1124,N/A
Pizzeria Oasi,45.2265,11.5172,N/A
Black And White Pizzeria,46.1609,9.8686,N/A
Antoniazzi Gelateria Dolce Gelato & C. s.n.c.,45.6765,13.389,N/A
Ristorante Pizzeria Europa,46.0026,11.2549,N/A
Ristorante Asia,45.9703,13.403,N/A
GluFree Bakery,45.4565,9.2023,1
Ristorante Pizzeria Oasi Campagnola,45.8471,12.3252,N/A
Green Garden,45.0497,11.1305,N/A
Braceria Pizzeria La Spessa,45.8769,9.9508,N/A
La Trattoria,46.2826,11.5234,N/A
Pizzeria Simpathy,45.729,9.0398,N/A
Pizzeria al Tajer,45.8201,12.8589,N/A
Pizzeria Burgheria Scaramouche,44.8707,11.8335,N/A
Pizzeria Nuovo Meister,44.5841,11.8642,N/A
Pizzeria Ristorante Amadeus Brendola,45.4811,11.4354,N/A
Pizzeria Mezzomarinaio Celle,44.3346,8.5328,N/A
Chateau Dufan,45.482,9.1813,1
La Divina Commedia,45.0809,7.663,N/A
Busa dei Briganti Pub Padova,45.4115,11.8622,8
Moon Asian Restaurant,45.4859,12.184,N/A
Pizzeria Vizio 5,45.7274,8.5746,N/A
"Saulle Re - Ristorante, Pizzeria e bar",45.741,7.3774,N/A
Trattoria al 47 da Ricky,44.7847,7.3716,N/A
Bar Pizzeria Trattoria La Roda,45.4204,11.3734,N/A
Raito,45.2366,9.4168,N/A
Gelateria Pandizucchero,45.7394,9.6209,N/A
Il Melograno - Naturalmente Buono - Palmanova,45.9026,13.3112,N/A
Ristorante Principe,45.6312,8.3722,N/A
Gelateria Gelatiamo,45.671,9.6124,N/A
La Casa del Dolce Gelateria,45.607,10.5308,N/A
Pierino Penati,45.7277,9.3263,N/A
Brasserie HD by Mattia,44.4621,7.8232,N/A
Al Centrale,45.6349,12.2557,N/A
Ristorante Antica Osteria di Via Brandolini,45.9142,12.17,N/A
Edelwei√üh√ºtte,46.8392,11.3208,N/A
La Sqola Ristorante Pizzeria,45.34,10.6646,N/A
Kathi's,46.5684,11.1965,N/A
Eden Il Ristorante della Pizza,46.1306,9.5559,N/A
Millennium Bug Ristorante Pizzeria,46.0319,9.1411,N/A
Pizzeria Pino S.N.C. di Gorghetto Mara e Ivan,45.5832,12.3713,N/A
Mood Sushi Restaurant,45.6926,9.6242,N/A
Gastronomia Le Quattro Stagioni,45.053,12.0556,N/A
Il Gusto Siciliano di Paolo il Palermitano,44.7024,10.6588,N/A
Stinger,45.5052,12.2267,N/A
Era Tant√¨,44.7736,8.3557,N/A
Antica Gelateria Modenese,44.6358,10.9209,N/A
Pizzeria Al Sole,45.827,11.8525,N/A
Pizzeria TNT,45.5964,12.8781,N/A
Pizzeria Perhonen,45.3737,10.5625,N/A
La Colletta,44.3994,8.6648,N/A
"Zaz√† Ramen, sake bar & restaurant",45.479,9.1886,1
Pizzeria e Ristorante da Tiziano,45.4186,7.4483,N/A
Sushi-One,45.5088,11.629,N/A
Galloway Bassano,45.7432,11.7375,N/A
Pizzeria Gustavo Buccinasco,45.4147,9.1171,N/A
Insushi,46.5001,11.3443,N/A
Gelateria Franca,45.7569,9.7947,N/A
Tigella Bella,45.8085,9.083,N/A
Trattoria Pizzeria Da Piero,45.5051,12.2884,N/A
pizzALTaglio,44.6452,10.9298,N/A
Pasticceria JOSEPHMARY Dolce.Salato.Coffee,45.6631,9.6326,N/A
Lanterna Verde,46.1811,11.8417,N/A
Bar Ristorante Pizzeria malga Valbiolo,46.2812,10.5799,N/A
Gelateria Flipet,44.9846,7.7371,N/A
Gelateria Bologna,45.8531,10.9758,N/A
Ristorante Pizzeria Bobbio PUNTO VERDE,44.7728,9.3884,N/A
Locanda Stazione,45.0174,9.4478,N/A
Pizzeria Salin,46.4359,11.6901,N/A
Trattoria Regina,46.0219,9.3799,N/A
Bar da √∂ Fuentu,44.5983,8.9534,N/A
Restaurant - Pizzeria Moro,46.4221,11.3317,N/A
Gelateria Excalibur,45.8161,9.2997,N/A
Ristorante Brace e Fantasia,45.4129,12.018,N/A
I Caraibi,44.6584,12.245,N/A
Pizzeria Da Mauro dal 1990,45.8697,12.4276,N/A
Dolce Sicilia di Maniscalco Fabio,45.3851,11.3881,N/A
Sukiko,45.2225,11.6069,N/A
Fuoritempo Canale - Pizzeria Ristorante,44.7985,8.0012,N/A
Pizzeria Panaretto,45.6237,11.3168,N/A
Muvin Gelateria and Bar,44.4967,11.4278,N/A
Pizzeria e Spaghetteria da Rodi,45.8655,11.9149,N/A
Ristorante Pizzeria Miramonti,45.3225,10.6593,N/A
Pasticceria Ristorante Stra Dueville,45.6397,11.574,N/A
Ristorante Pizzeria Imbarcadero,45.7624,10.4918,N/A
Al Peperone Rosso,44.8089,8.1463,N/A
Il Portico 4.0,45.1922,8.1026,N/A
Pastry Shop Borsari,45.0929,11.5188,N/A
Zaccheo Bakery,46.0613,8.6977,N/A
Bier Keller,44.7614,10.4508,N/A
Pasticceria Sommia,45.7609,9.9194,N/A
L'Ambaradan Pizzeria Ristorante,44.7584,8.3566,N/A
Gelateria maCam,45.4468,8.6177,2
Ristorante Pizzeria Tie Break,46.8935,11.4372,N/A
Vecchia Costiera - Trattoria Moderna & Pizzeria,45.5982,12.8888,N/A
Pasticceria Veneto,45.5532,10.2174,N/A
Il Conte Hop,45.356,8.8144,N/A
Veneto Cable Park/Veneto Grill House,45.6152,11.9441,N/A
Antico Forno a Legna da Carlo,44.5257,9.2479,N/A
Antica Osteria dai Moretti,45.6289,12.0288,N/A
Grigoris,45.4967,12.1845,N/A
SUSHI KING 2,45.5748,12.1029,N/A
Suso,45.4377,12.3374,N/A
Farina00,45.6349,9.8077,N/A
Gallizioli,45.576,10.2136,N/A
Ristorante-Pizzeria Cibo Felice,45.302,9.7262,N/A
Ristorante Pizzeria La Mamma,45.058,9.5487,N/A
Moon Restaurant,44.8482,11.6,N/A
Ristorante Il Rigoletto,44.8356,10.2222,N/A
Pizzeria Ristorante Manuno,45.4571,10.2053,N/A
Ristorante Pizzeria Il Cris,45.9734,9.1925,N/A
Birrificio di Fiemme,46.2817,11.4773,N/A
B√§ckerei Mein Beck,46.6178,11.1437,N/A
Pizzeria Sporth√ºtte,46.5672,11.5653,N/A
Pasticceria Colzani,45.734,9.2895,N/A
Bar Ristorante Vetta,44.6341,8.5857,N/A
Hops Pub,45.7783,12.0001,N/A
Il Melograno Collecchio,44.7538,10.2264,N/A
Pirates'Bay Restaurant - Olgiate Olona (VA),45.6286,8.861,N/A
Gelateria Bahia,45.6761,9.238,N/A
Gelateria Artigianale Ottavo Senso Brugherio,45.551,9.3011,N/A
Gelateria Casa del Gelato,45.599,12.8876,N/A
Pizzeria Rossonero,46.3991,13.0179,N/A
Ristorante Pizzeria Al Gelso,46.0615,13.2331,N/A
Bar Moreschi,46.2934,9.3855,N/A
Gemma Pizzeria - Verona Borgo Trento,45.4458,10.9872,9
L'Oste Pinocchio,44.3593,8.2895,N/A
Kebab di Sufyan,45.5505,11.5213,N/A
Minuscoli,45.89,9.9834,N/A
Ristorante Pizzeria al Ritrovo,45.5149,10.9374,N/A
Sherwood Pub,45.5339,12.1016,N/A
Ristorante Pizzeria Casa Beust,45.8688,10.8755,N/A
Ristorante Pizzeria Churen,45.8335,7.7252,N/A
Piadina Elena,45.0239,12.2347,N/A
Bunde Pizza Restaurant,45.7368,9.4852,N/A
Ristorante Chica Espana (S.A.S.),45.1269,7.011,N/A
Pasticceria Roma,45.4081,11.0013,9
"Dinamo ""Steak House & Music""",45.6001,8.6374,N/A
Pizzeria Cittadella Parma,44.7921,10.3352,10
Nuovo Sempione,45.476,8.629,N/A
"Ristorante ""All'Enoteca""",44.7969,7.993,N/A
Ristorante Hotel Emi,44.5337,11.3008,N/A
Pizzeria Birreria Barbanera,45.4364,12.3395,N/A
Bar Il Pontile,46.0757,9.2982,N/A
Moy Sushi Asian Restaurant,45.7147,8.2803,N/A
Ristorante La Ruota,45.6511,8.8052,N/A
Exoticus Biella,45.5691,8.0537,N/A
Fratelli Pummar√≤,45.0591,7.6824,N/A
Ristorante Oya Sushi Fusion Experience,45.5351,9.3419,N/A
Greek Food Lab,45.0594,7.68,N/A
Da Demir,45.0711,7.654,N/A
La Vecchia Bottega di Cappellaro Francesco & C. Sas,45.3537,10.7237,N/A
Vinosteria Borracho,45.7509,7.6481,N/A
Ristorante Osteria Valle,44.9925,10.5472,N/A
Shanghai Sushi Feltre,46.0153,11.9017,N/A
Birrificio Casa Del Popolo,45.9893,8.3433,N/A
Trattoria Pizzeria Al Ponte,45.5424,11.2839,N/A
Ristorante Pizzeria Locanda Pertuso,44.7279,9.0337,N/A
Checchi Brunch & Specialty Coffee,45.5277,10.2055,N/A
Pizzeria Da Maruzziello,44.3677,8.2902,N/A
Zum Woscht - Restaurant Pizzeria,46.5444,11.5615,N/A
The Garden of Ghilot,44.6502,7.855,N/A
Voglia di Pizza da Enzo,44.8513,7.726,N/A
Trattoria Bellavista,45.7531,9.3762,N/A
Ristorante Pizzeria Centrale,46.2993,11.0309,N/A
Casa Drus√π - Pinseria e dintorni,45.373,8.0784,N/A
Ristorante Pizzeria Monnalisa Ozegna,45.3501,7.7478,N/A
Ristorante Pizzeria Gaia da Camino,45.7992,12.4931,N/A
Ristorante Pizzeria King's Junior,44.959,7.5997,N/A
Ugo Grill,45.1342,10.0231,7
"GESPAN srl | Panificio, pasticceria, gastronomia e buffet per eventi | Milano | Corsico",45.4444,9.1098,N/A
Pizzeria Trattoria Ca' Billi,45.5852,10.7423,N/A
Gelateria Caffetteria Quadrifoglio,45.6488,11.8573,N/A
Ristorante Forc-eat (Forcate 1970),46.0038,12.5783,N/A
Ristorante Pizzeria Tabial√°,45.9607,12.3612,N/A
Pizzeria Il Sorriso,44.6932,10.1025,N/A
Wild Turkey Pub,45.5901,11.3802,N/A
Mai Thai,45.0605,7.6905,N/A
Hong Fu,45.0733,7.5975,N/A
The Drunken Duck - Le pi√π meglio birre,45.5749,11.6426,N/A
Alberto Marchetti Gelaterie | Casa Marchetti,45.0666,7.6811,N/A
Hamb√π - Hamburgeria e Pinsa Romana a Vimercate,45.6016,9.3619,N/A
Ristorante Pizzeria La Nuova Forchetta,45.4642,8.8847,N/A
Kebab Yakamoz,45.5738,8.6402,N/A
Birreria Torre,45.6468,11.7841,N/A
Red Lion 2,44.6987,10.4426,N/A
Contarini Ristorante Pizzeria Specialit√† Pesce,45.5435,11.7875,N/A
Fratelli di Pizza - Sant‚ÄôAlessio,45.2273,9.215,N/A
Ristorante Trattoria dai Bercau,44.6675,7.9323,N/A
Kashima Sushi - SACILE,45.9658,12.5357,N/A
Il Moro - Ristorante Pizzeria,45.8942,9.9184,N/A
Gelateria Milky Way,45.7425,8.4354,N/A
Sorriso Pizzeria Ristorante,45.4489,10.7122,N/A
Pizza & Bistrot Italy,44.3306,7.483,N/A
Gelateria caffetteria Quadrifoglio Noale,45.5506,12.0705,N/A
Kanji Ristorante,44.9551,7.7922,N/A
La Ca' Bianca Ristorante Pizzeria,44.5309,10.9373,N/A
Bar Gelateria Penna,45.1205,7.2397,N/A
Ristorante Pizzeria La Staffa,45.3736,11.287,N/A
Ristorante Pizzeria Tre Lanterne,45.5703,9.7618,N/A
Trattoria Pizzeria All'Albera,45.5196,12.1085,N/A
Ristorante Pizzeria O‚Äô Sole Mio,45.6918,13.1479,N/A
Sagittario Pizzeria,45.6335,11.6263,N/A
PIZZERIA RISTORANTE L'ITALIANA,44.7339,7.9728,N/A
Wok Sushi Abundant,45.589,9.884,N/A
Bici Grill Tezze,45.986,11.6677,N/A
Pasticceria Desideria,45.2326,11.8695,N/A
Zapap Pratello,44.4956,11.333,4
K1 Apr√®s Ski/Restaurant/Pizzeria,46.7723,11.9413,N/A
Kiyo Sushi,45.483,9.4106,N/A
Ristorante Pizzeria Bella Napoli 3,45.2875,8.9955,N/A
La Taverna del BiRen,44.7704,11.3439,N/A
Ristorante Caff√® Saraceno,45.4379,12.3352,N/A
Sushi D'oro,44.8078,10.2945,N/A
Panisfizio,45.5017,12.6318,N/A
L'intingolo astesano,44.902,8.2104,N/A
Da Zero,45.077,7.6734,N/A
Ristorante I Pirati,45.4682,7.8938,N/A
"Glory POP (Via Correggio, Milano)",45.4704,9.1512,1
Capriccio di Como,45.7636,9.0555,N/A
Op√† Op√†,45.4892,9.1874,1
Pizzeria Made In Sud,45.6359,8.9081,N/A
"Ristorante ""Da Cuomo""",44.999,10.7353,N/A
San Sushi,44.6217,7.4913,N/A
Gran Caff√® Aragno - Restaurant & Pizzeria - Mondov√¨ di Ht aragno srl,44.3894,7.8206,N/A
VECCHIA VOLPE birreria con cucina,44.6556,10.3177,N/A
Cilento Ristorante Pizzeria,45.4686,10.6079,N/A
Ristorante Ca' Rossa,46.0269,11.2452,N/A
Al Gambero d'Oro,45.7813,12.4957,N/A
Pizzeria Gelateria Graziella,45.6137,11.3011,N/A
Gelato d'altri tempi,45.9358,8.5728,N/A
Pizzeria Trattoria Nettuno,45.8764,12.3387,N/A
Osteria della Valle,45.968,9.0762,N/A
Ristorante Bersagliere Casalecchio,44.4756,11.2758,4
Ristorante Pizzeria Da Lucio,45.9663,10.8115,N/A
Cantina Battisti,45.4195,11.1353,N/A
Ristorante Pizzeria Case Rosse,46.0442,11.8968,N/A
Caff√® Bistr√≤ Mastai,46.3204,9.4048,N/A
Ristorante Pizzeria K13,45.8074,9.2568,N/A
Caff√© La Crepa,45.1764,10.3126,N/A
Ristorante Pizzeria Ellepi,44.4474,11.828,N/A
Bar - Brewery Cheek To Cheek,45.6508,11.3025,N/A
Ladri di Biciclette - Pizza & more,44.6733,10.6007,N/A
Trattoria dell'Arlecchino,45.882,9.634,N/A
Il Saraceno,46.1717,13.2054,N/A
The Towers,45.458,11.3882,N/A
Pirru Montecavolo,44.6343,10.5445,N/A
Ristorante pizzeria Ai Gandolfi,44.3599,7.8341,N/A
Restaurant Hilberkeller,46.6975,11.1715,N/A
Bar Gelateria Calipso,45.6474,12.3608,N/A
BALABI√íTT | Gastro Pub Domodossola,46.1177,8.2926,N/A
Marl√† Pasticceria,45.4503,9.2057,1
Mami Burger and Pizza,45.5052,9.4315,N/A
Ristorante Verbella con pizzeria | Ristorante a Sesto Calende,45.727,8.6116,N/A
Ristorante Pizzeria - Mamm√†,45.6606,8.7943,N/A
Haru Restaurant,45.4802,9.1657,1
Hosteria Moderna San Bonifacio,45.4044,11.2708,N/A
Elleboro Fior Di Gelato,45.5826,9.2715,N/A
Pizzeria Stuzzicando srl,45.6678,8.9611,N/A
La Baita dei Sapori del Sud,45.5747,9.0675,N/A
Flame'n Co. Pasiano,45.8774,12.6113,N/A
Antica Osteria Zanatta,45.7368,12.3143,N/A
Birrificio artigianale B2O,45.6583,12.9477,N/A
Gelateria Acquario,46.1671,9.8641,N/A
Pizzeria Restaurant Rosmarin,46.9182,11.9522,N/A
Pizzeria Veneta - Tutto il Veneto su una pizza!,45.0503,12.0636,N/A
Osteria Del Vapore,44.7523,7.6003,N/A
Pizzeria Ristorante al Panzerotto,44.4348,10.4074,N/A
Pizzeria Ristorante Marechiaro,45.6493,11.7882,N/A
Ristorante Pizzeria 5 Torri,46.5388,12.1362,N/A
Pizzeria da Pippo,46.0008,12.8456,N/A
Ristorante Pizzeria Via Veneto Srl,45.7472,8.5243,N/A
Grotta Azzurra 2,45.4073,10.9768,9
Al Ciaro de Luna,45.7876,12.2214,N/A
Pizzeria Ristorante L'Angolo,45.002,9.7906,N/A
Ritual,44.8083,10.3315,10
Pizzeria Lugano,46.02,9.2371,N/A
Pizzeria Ristorante Goofi Soraga,46.3957,11.6653,N/A
Stambech ristorante Argentino,46.1536,10.1494,N/A
Sushi K√≤bbo Asian Fusion - ristorante Giapponese -,45.8409,8.9109,N/A
Gelateria Del Sole,45.6001,9.1734,N/A
L'Oasi,45.7714,9.0105,N/A
Donna Sof√≠ Pizzeria Napoletana,45.0667,7.6512,N/A
Galleria Iginio Massari Milano,45.4629,9.1898,1
Istanbul Cislago Kebap-Pizza-Grill,45.6591,8.9769,N/A
Ristorante Royal Garden,45.1936,9.1665,N/A
Peperino Pordenone,45.9576,12.6617,N/A
Santa F√© - Cantina y Bar,45.8083,11.7182,N/A
Don Salvatore - pizzaiuolo e oste,45.4852,9.1559,1
Dragut,44.3133,9.3233,N/A
L'Osteria del Vignaiolo,44.6516,7.9455,N/A
Gelateria Caffetteria Fioca,44.5619,7.32,N/A
Pizza 2000,45.4388,12.3286,N/A
Pizzeria Benvenuti al Sud üçïüçïüçï,44.3301,8.5137,N/A
Fratelli Ravioli,45.4524,9.1702,1
Castello Pizza & Kebap,45.0588,9.4369,N/A
Shangri-la,45.4776,9.202,1
Mi Sa Sushi - conegliano,45.8751,12.2849,N/A
Qb Pizzeria Cucina,44.918,10.812,N/A
Pizzeria Trattoria Vecchia,45.6577,10.4191,N/A
Restaurant Pizzeria Geier,46.3859,11.259,N/A
La Rotonda Sul Pane,44.6253,11.1972,N/A
Pizzeria Edelweiss,46.5809,12.2516,N/A
6342 A Le Tole Spaghetteria Pizzeria,45.4388,12.3424,N/A
Pizzeria El Gaucho,44.9738,7.5495,N/A
Pizzeria Le Coccinelle,45.5681,8.8939,N/A
Ristorante Pizzeria Le Giare,46.4311,11.6885,N/A
Al Capriccio,45.3447,10.3374,N/A
Le Bertoline,45.2429,9.5334,N/A
Taverna Brigantia,45.8465,8.5308,N/A
Ristorante Pizzeria Al Molinetto,45.8204,11.8214,N/A
Vecchia Mori,45.8519,10.9784,N/A
Alba Kebab Center,44.6964,8.0333,N/A
Capolinea Bistrot,45.8186,9.0953,N/A
Tre Chitarre,45.3579,11.1667,N/A
La Mulata | Padova,45.4251,11.7949,8
Cutty Sark Scottish Pub,45.6914,11.4185,N/A
Caseificio Sociale Ponte di Barbarano,45.3863,11.5713,N/A
La Vecchia Locanda,45.035,7.4197,N/A
Caseificio Primiero,46.1687,11.8215,N/A
Beba Steakhouse,45.9698,8.4149,N/A
Lili Marleen,45.9762,13.2769,N/A
Pizzeria Barone Rosso,45.4955,12.1517,N/A
Fiordipanna Arese,45.551,9.0771,N/A
Memo Pizza Kebap Istanbul,45.8525,9.3959,N/A
Pizzeria Regisole Hostaria,45.1851,9.1526,N/A
Pizzeria Arrigoni & Basso,45.5896,12.2337,N/A
Olivieri 1882,45.5167,11.3452,N/A
"Ristorante La Foce - Beach Bar, Restaurant & Pizza",45.6335,10.6167,N/A
Ristorante Pizzeria Da Viola,44.6386,8.643,N/A
Rapsodia Ristorante Pizzeria,45.6714,8.8691,N/A
Pizzeria Ristorante Barbabl√π,45.679,12.1012,N/A
La Piazza dei Sapori,45.7245,9.1465,N/A
Il Gelato Di Raffa Di Uberti Raffaello,45.5853,9.9434,N/A
PanzeR√© - Panzerotteria,45.4372,11.002,9
Cornale,45.9365,11.7243,N/A
Ristorante Pizzeria La Piccola Primavera,45.5186,10.3535,N/A
Pub Bauhaus Stube,45.7728,12.6111,N/A
La Casaccia da Bacco,45.4179,12.0169,N/A
Athena,45.6066,10.7925,N/A
Restaurant Pizzeria La Boheme,45.4937,10.7396,N/A
Ristorante Pizzeria Vecchia Canonica,46.3512,10.9123,N/A
Ristorante Pizzeria El Gaucho,45.3303,11.7627,N/A
Ristorante Pizzeria Il Desco dei Fieschi,44.3074,9.3451,N/A
Ristorante Pizzeria Le Fate,44.7758,8.0932,N/A
La Moucca,44.4032,8.946,3
Ristorante Pizzeria Le Fontane Srl,46.073,10.7209,N/A
Ristorante Pizzeria Agordina di Laghi & C. S.n.c.,46.2812,12.0332,N/A
The Bay Luzzara,44.9699,10.6717,N/A
JOE,45.1889,9.1666,N/A
La Boutique del Gelato,45.0416,9.6959,6
pizzeria ristorante Ermes,45.4056,11.9982,N/A
Bar Ristorante Pie' dei Monti,44.4165,10.8513,N/A
Groove Burger,44.4111,8.9313,3
Pizzeria Il Giglio 3,45.6949,11.5316,N/A
Alberto Marchetti Gelaterie | via Po,45.0678,7.691,N/A
Ristorante Pizzeria Ai Cappuccini,45.7002,11.4683,N/A
Dawali,45.4412,9.1903,N/A
Ristorante Suyoshi,45.8671,11.0128,N/A
Ristorante Pizzeria Vecchia Napoli,45.6672,13.1084,N/A
Arcadia - Ristorante Pizzeria,46.1138,13.2831,N/A
Dolce Segreto srl,44.9109,11.6021,N/A
La Ciau del Tornavento,44.6891,8.0859,N/A
Birreria hobelics,44.6248,10.5915,N/A
Beirut,45.4526,9.215,N/A
Britannia,44.8202,7.2251,N/A
Cascina Manzo,44.5191,7.9458,N/A
Pizzeria ContadiNostrano,45.1554,10.7657,N/A
Le Macine Steakhouse,44.8853,11.0714,N/A
Locanda del Vegnot,45.3605,9.9938,N/A
Trattoria Dentella,45.8232,9.7071,N/A
The Hop,45.753,9.2628,N/A
Ristorante Pizzeria La Trota,45.8087,9.6002,N/A
Europa Pizzeria Trattoria,45.8455,13.489,N/A
Ristorante Pizzeria Al Ritrovo D'Amico Di D'Amico Serena & C. S.A.S.,45.1865,11.249,N/A
Pizzeria Dae Tose,45.6015,12.2569,N/A
La Colonna l'Amalfitano,45.1232,10.7884,N/A
Corte Farina Ristorante Pizzeria,45.4414,10.9943,9
Ristorante Dolce e Salato,44.7006,11.4046,N/A
da Pino Trieste,45.6451,13.7581,N/A
Ristorante Pizzeria Chichibio @Cervignano Del Friuli,45.8307,13.3333,N/A
LA MURAGLIA Ristorante Cinese e Giapponese,45.4687,7.8897,N/A
Gelateria Fiamma,45.3213,8.854,N/A
The Public,45.3993,11.2749,N/A
Jollibee,45.4619,9.1899,1
Poss Cesate,45.5926,9.0772,N/A
Gran Bar,45.8956,12.8511,N/A
Beri Formaggi Valsassina,45.9803,9.4351,N/A
Galivm Vittorio Veneto,45.9968,12.2915,N/A
Bar Lago Tana ‚Äúdalla Pola‚Äù,44.4051,8.686,N/A
La Ciacolada,45.6769,13.3881,N/A
OutSider Pub,45.6584,12.1619,N/A
Bar Cavalletto,44.916,9.7877,N/A
Pizzeria alla Scimmia,45.9599,12.6295,N/A
Sforketta Pizzeria,44.6804,11.3913,N/A
Greek Passion,45.075,7.637,N/A
Camoscio D'Oro,44.4404,9.0489,N/A
SWAGAT Ristorante Indiano,44.9161,8.6108,N/A
Otani Sushi Restaurant,45.6931,9.6565,N/A
Spluga Pizzeria Contemporanea,46.1723,9.3796,N/A
SQUISITO The Grill Brothers,45.2274,7.6443,N/A
Leoni Gelateria,45.5838,9.2795,N/A
Liccu,44.5007,11.3586,4
Gelateria al Panciotto,45.9921,13.3929,N/A
Gelateria La Gatta,45.6665,9.9561,N/A
Antica Aquileia ristorante pizzeria,45.7618,13.3717,N/A
Pizzeria Trattoria Ristorante Bruschetteria Da Dario Cornedo Vicentino Vicenza,45.6223,11.3339,N/A
That's Amore La Pizzeria,45.6289,9.3293,N/A
Da Arnold,44.8244,11.0392,N/A
Jocasta,44.3738,7.6149,N/A
Hotate Sushi,45.4044,8.5508,N/A
Pizzeria Ristorante da Piero e Vittoria,44.6887,8.8865,N/A
Dai Tosi-Thiene,45.7102,11.4843,N/A
Vinile,45.069,11.7864,N/A
Purabrace Inverigo,45.725,9.2154,N/A
Pizzeria Da Tata,45.8718,11.5079,N/A
Meet Hamburger Gourmet,44.8071,10.3304,10
Internos Caff√®,45.7162,8.2767,N/A
Pattini,45.4822,9.2126,1
Ristorante Gino Arenzano,44.4042,8.6856,N/A
Ristorante Pizzeria OVER√à Pizzaioli Musicanti,45.4813,10.2847,N/A
Rienzbr√§u,46.7972,11.9361,N/A
Pizzeria Ecco -Bargagli,44.4526,9.0868,N/A
Ristorante La Giulia e Il Gallo,45.6334,9.2464,N/A
L'Evoluzione Del Gusto,45.4332,12.1137,N/A
The Steak House Bormio,46.4671,10.3765,N/A
Drago D'Oro,46.5003,11.3516,N/A
Val di Luce Ristorante Pizzeria,44.9051,9.7321,N/A
Caff√® Filopanti - Caffetteria Gelateria Pasticceria,44.5376,11.5359,N/A
Nuovo Caff√® Firenze,45.6178,8.3712,N/A
Il Vicolo Corto - Pizza And More,45.5397,10.2216,N/A
Al Volto,45.4708,11.6019,N/A
Al Cuntadein,44.4188,11.3459,N/A
Ice and Co. Pizzeria e Gelateria,45.6365,12.2408,N/A
Pizzeria Brian,45.5927,12.8127,N/A
I Ginza Susegana,45.8205,12.2534,N/A
Pizzeria Altero - Via dell'indipendenza,44.4983,11.3437,4
Fuori Giri,45.8033,8.6744,N/A
7 Sapori Ristorante e Pizza,45.3717,9.6034,N/A
Ristorante Pizzeria Itaca,44.5596,11.2703,N/A
Gelateria Gianni Csp Snc di Barnabei Sergio e C,44.4679,11.4097,N/A
Lindt,45.4682,8.4628,N/A
Ristorante Le Roi,46.2327,10.8255,N/A
Ristorante Pizzeria Punto Uno,44.6149,11.6729,N/A
La Stube Pizzeria,45.9486,9.6714,N/A
Quelli di Paderna - Ristorante Pizzeria,44.9211,9.7565,N/A
Il Pensiero,45.056,7.6505,N/A
Sciura Maria Panzerotti - VIALE MONZA,45.5155,9.2257,N/A
Osaka Japan Sushi,45.1492,10.7957,N/A
Yoshi,45.1379,10.0318,7
Restaurant Pizzeria Oberhauser,46.5291,11.2487,N/A
Ristorante Pizzeria La Costiera,44.9148,8.6215,N/A
LA BRUSCHETTA.....GIA' IL FUNTANIN,45.9209,8.7729,N/A
Pizza Studios,44.9197,8.6184,N/A
Casa Della Pizza Soliera - Pizzeria e Tavola calda-,44.7352,10.9248,N/A
Prati Verdi,45.5823,9.854,N/A
Trattoria Pizzeria la Baita,45.0873,11.4719,N/A
Trattoria Pizzeria Malaspina,45.289,11.2,N/A
Voodoo Child Pub,45.4857,12.0323,N/A
Ristorante con Pizzeria Belvedere,45.9245,9.4519,N/A
Ciao Kebab,44.499,11.3509,4
Il Paradiso Perduto,45.4446,12.3321,N/A
Momi's Pub,45.4631,12.149,N/A
Pizzeria Napoletana O'Garibaldin,46.1462,9.3051,N/A
Arizona 66 - Palazzo Pignano,45.4032,9.5946,N/A
Ristorante Pizzeria Rosengarden,46.4851,10.3094,N/A
La Peschiera Agriturismo,44.43,9.7012,N/A
Pupp Caf√© Bakery and Ice Cream Parlor,46.719,11.6561,N/A
La Stiva Del Pirate,45.716,10.4143,N/A
Twickenham Pub&Billiards,44.7701,10.2659,N/A
Cittamani by Ritu Dalmia,45.4752,9.1903,1
Gelateria Mille,45.3257,10.0756,N/A
Farenheit 451 Ristorante Pizzeria,45.1006,7.53,N/A
Sushic Biella,45.555,8.0613,N/A
La Nuova Felicit√†,45.0645,7.6456,N/A
Wahlalla,45.3849,9.5549,N/A
Trau Brusa - Ristorante Pizzeria,44.9207,7.8581,N/A
Piadineria In Piazzetta,44.6251,10.4214,N/A
Tripoli Pizza e Ristorante,44.3888,8.0341,N/A
Montallegro Restaurant,44.4242,8.9375,N/A
Tigellino,44.4941,11.3452,4
Ristorante Pizzeria Ai Portici,45.5426,11.7868,N/A
Gelateria Perin,46.267,12.3001,N/A
Dama Capricciosa,44.8262,10.2056,N/A
Pizzeria Monterainero,44.9038,8.2136,N/A
Otto,44.7546,11.8754,N/A
URBAN BBQ 1982,44.7927,8.7772,N/A
Azzurra Chinese Restaurant,45.4832,12.2326,N/A
Pizzeria Da Ciccio,46.175,10.3381,N/A
Faville Ristorante Pizzeria,45.7009,12.2589,N/A
Ristorante Pizzeria Hotel Car√® Alto,46.0978,10.7332,N/A
La Perla di Trino,45.1954,8.2973,N/A
Rifugio La Pavoncella,44.4179,8.1212,N/A
Trattoria Merlo,45.5742,10.1917,N/A
To Steki,44.4967,11.3496,4
Trattoria al Porticciolo Ristorante & Pizzeria,45.4732,10.6109,N/A
Kebabbar - Star Zagros,45.462,9.2191,N/A
Gelateria Antiche Tentazioni,45.3936,11.7801,N/A
Pizzeria Positano Milano - Colonne di San Lorenzo,45.4597,9.1824,1
TOrino.OtranTO Pizzeria Via Piave 33 Pianezza,45.0986,7.5559,N/A
Jazsbo,45.5291,11.4509,N/A
Gelateria Fiabe di Gelato,45.4654,8.8809,N/A
San Marteen,45.6464,11.8595,N/A
Ristorante Farsora,45.5056,12.1532,N/A
Anatolia Pizzeria Kebab Grill,46.4832,11.3431,N/A
The Donegal Irish Pub,45.1491,10.6458,N/A
Sumo Sushi,45.5278,9.5106,N/A
Ristorante | Pizzeria | Pineta Caldonazzo,45.9833,11.2662,N/A
Yuki Sushi Restaurant,44.4779,11.0113,N/A
Ristorante la Taverna Rottigni,45.8492,9.7334,N/A
Bello Garno - Il Cassone Riminese,44.4954,11.3383,4
Roxy Bar,45.0325,6.833,N/A
La Corte di Marina,45.6568,10.2193,N/A
Angus Churrascaria,45.5553,12.2266,N/A
Pizzeria @more,45.9543,12.5039,N/A
Ristorante Pizzeria Harlem,45.3777,9.7841,N/A
Domenico Restaurant,45.7825,12.2912,N/A
Star Pizzeria&Kebap,45.5264,9.5149,N/A
Pizzeria La volpe,45.2025,7.7787,N/A
Osteria Madonnetta,45.7449,11.6548,N/A
Loacker Caf√© Brenner,47.0049,11.5053,N/A
THE BIG,45.513,11.6237,N/A
Orostube,46.0649,11.1505,N/A
Spuntino di Campagna,45.965,12.9146,N/A
Trattoria Da Adele,45.6923,9.6708,N/A
Pizzeria La Sueva 2.0 - Trocino,45.0753,7.6494,N/A
Galeone d'Oro Pizzeria Ristorante,45.6729,11.9241,N/A
Ryori Japanese Restaurant,45.4427,9.0409,N/A
Gran Canyon Pub Castelnuovo Belbo,44.8112,8.4217,N/A
Trattoria Da Bosa,45.6604,12.4175,N/A
Old Pub Pizzeria Albachiara,45.014,11.2665,N/A
Pizzeria Ristorantino Flamingo,46.3643,11.0362,N/A
Taverna Caorlina,45.5991,12.8862,N/A
Cremeria Spinola,44.3176,9.3151,N/A
Osteria Di Cimbriolo,45.1648,10.581,N/A
Happm Pappm Marling,46.6546,11.1472,N/A
Trattoria Pizzeria Piccolo Borgo,44.9091,10.9804,N/A
Bar Moretti,46.4918,11.3413,N/A
Gelateria Essenza - La Natura nel Gelato Trescore Balneario,45.6897,9.8258,N/A
Ristorante Pizzeria Da Icio,45.6422,10.9375,N/A
Ristorante Pizzeria Vesuvio,45.5047,12.6416,N/A
Bar La Stua,46.209,11.1006,N/A
Ristorante Pizzeria Paioa,45.1305,12.0792,N/A
Chimi Churri Empanadas Argentinas,44.4937,11.3475,4
Poke&Food Experience,45.1531,10.7901,N/A
Tabi√† Ristorante Pizzeria Birreria,45.1424,11.8829,N/A
Il Kiwi,44.3165,11.8067,N/A
100Piade-Caffetteria Cappuccineria Centese,44.7329,11.2916,N/A
Le Noci,44.911,7.2487,N/A
Chiosco La Nuova Greppia Piadineria,44.3519,11.7201,N/A
Ristorante Pizzeria Il Panino,45.6772,13.389,N/A
Enjoy Restaurant,45.9456,8.8354,N/A
Pizzeria Nonno Papero,44.87,11.6028,N/A
Ristorante Val di Non - Alla Diga,46.3463,11.0594,N/A
Ristorante Pizzeria Cheope,45.5532,11.2743,N/A
Ristorante Novecento,45.8814,13.4779,N/A
Antica Osteria Cera,45.3879,12.1303,N/A
Ristorante Pizzeria Zur Alten Schmiede,46.5674,11.5613,N/A
Pasticceria Manuelina,45.7295,8.4444,N/A
Ristorante Pizzeria Il Tanino,44.9949,10.8592,N/A
IncantaMonte,45.6513,11.3635,N/A
Gelateria Santa Rosa,45.716,11.4655,N/A
Pizzeria Luisa,45.7963,11.0246,N/A
Pasticceria Bar Cioccolateria Bacilieri,45.946,8.834,N/A
Nuovo Zhen bao,45.0658,7.6825,N/A
Papillon,45.6066,10.5326,N/A
Pizzeria Perdinci,45.4309,11.897,8
Fumi - Ristorante Cinese Giapponese,45.3175,7.7335,N/A
Mauri's l'hamburgheria Gardone,45.6834,10.1873,N/A
Pasticceria Zizzola Stefano Noale,45.5494,12.0797,N/A
Spring Sushi,45.6287,9.8082,N/A
Doge Lantern,45.6275,12.1171,N/A
La Cascata,45.8072,8.9772,N/A
Zaz√≠e Ferrara,44.8341,11.6191,N/A
Tre Rape,45.679,11.3814,N/A
Pizzeria Ae Oche Santa Lucia,45.4423,12.3232,N/A
Frasca Borgoluce,45.8291,12.2778,N/A
Ristorante Pizzeria Selvole | Castel Goffredo,45.308,10.4656,N/A
La Gelateria Cannolomania,45.8207,12.2536,N/A
Pizzeria-Ristorante la Catapecchia,45.805,13.4141,N/A
Aj√≤ Griglieria con cucina,46.1501,9.3238,N/A
Ristorante Pizzeria al Serbatoio,45.5453,10.2264,N/A
Antoniazzi,45.087,10.8759,N/A
Birreria Al Toro,45.5591,12.2775,N/A
Pizzeria - Trattoria Putip√π,45.8883,11.0423,N/A
Ven√®xian,45.453,12.0834,N/A
UNPLUG,45.1171,7.2825,N/A
Da Jitty Fast Food,44.7843,10.8683,N/A
Ristorante Pizzeria Centauri,45.805,9.8489,N/A
Pizzeria La Casera,46.1902,12.2863,N/A
MANGIA MANGIA | Roletto,44.9124,7.3621,N/A
Mamasita,44.3515,8.566,N/A
Trattoria Ponte Peron,45.8114,11.8881,N/A
Mocambo,45.2529,10.6775,N/A
Alberto Marchetti Gelaterie,45.4611,9.2074,1
Re Cupido,45.9607,12.6542,N/A
Il Gelataio,45.5431,11.5203,N/A
Crocca - Torino Via Madama Cristina,45.0526,7.6795,N/A
Moya Japanese Restaurant Mariano Comense,45.7143,9.1621,N/A
Il Terrazzo di Diana,45.6881,8.9247,N/A
La Limonaia,45.791,9.2574,N/A
Ristorante Pizzeria Gia' Che Ci Sei,45.2744,11.8666,N/A
Pasticceria Il Chiosco,45.3899,11.3891,N/A
Porfido Collecchio,44.7529,10.2191,N/A
Ristorante Pizzeria Le Specialit√†,44.9129,9.6704,N/A
Pomodoro,45.8741,8.4077,N/A
Peace In Po,44.931,10.6354,N/A
Da Massimo,44.8167,11.8907,N/A
Scacciafame,45.0364,9.6829,6
Trattoria Pizzeria Da Marisa,44.312,7.6161,N/A
Lido Paina,45.7692,10.8109,N/A
La Carioncella,44.8864,11.3748,N/A
Ristorante Pizzeria Dai Monelli Scicc ...,46.0042,8.7434,N/A
Pizzeria Re Pip√¨n,44.8272,11.3018,N/A
La Brasa,46.2602,10.5088,N/A
Flori' S.N.C. Di Pagani Marianna & C.,45.3107,11.0711,N/A
Medieval Times Restaurant and Show,45.4782,10.7276,N/A
Lombino - Il Regno del Dolce - La Bottega del Caff√®,44.9213,7.7476,N/A
Cantina Garibaldi. Aperitivi e cene. Pranzi domenicali IN INVERNO. ENOTECA. Asporto. Produzione pasta fresca.,44.6273,10.5675,N/A
La Padella,45.7909,6.9714,N/A
Lo Spuntino dal fornaio,44.4019,11.5833,N/A
IL Torchio di Grossi Massimo,44.843,10.1856,N/A
La Mafaldina Pizzeria PONTEVIGODARZERE,45.4446,11.8907,N/A
Gelateria San Marco,45.4436,11.6738,N/A
Ristorante Pizzeria Ca' Bianca,45.2549,9.3974,N/A
El Resole',46.4605,11.7833,N/A
Ristorantino Pizzeria Lago Pranda,44.3034,10.2429,N/A
Ristorante Pizzeria al Picchio Rosso,46.1788,11.0145,N/A
Agriturismo Lupo Alberto,46.0785,12.7742,N/A
Nonno Andrea Bistrot Agricolo e Shop,45.7599,12.2318,N/A
Carne alla Griglia Mantova - Dorado Ranch,45.1366,10.8933,N/A
Gelateria artigianale La Mela Verde,45.5138,12.2093,N/A
ALDENTE Pastabar - Cordusio,45.4673,9.1859,1
Pizza AM,45.4556,9.1969,1
Ristorante Pizzeria Da Beniamino,45.1313,9.1192,N/A
Augusto - Ristorante Pizzeria,45.0652,7.6753,N/A
Grande Shanghai,45.4424,11.8932,N/A
Oasi,45.3709,10.2343,N/A
All'antico Vinaio - Verona,45.4411,10.9959,9
CaffeDelConvento Verdello,45.6081,9.6261,N/A
Pizzeria Barbarossa Bistrot,44.9082,8.6125,N/A
Zu Sushi Mestre,45.4817,12.2479,N/A
All'Anfora,45.7898,13.3567,N/A
Trattoria Al Postiglione,46.0008,13.4545,N/A
L'Osteria Le Guglie,45.4448,12.3237,N/A
Ristorante Pizzeria Monticino Serra,44.3081,11.745,N/A
Ristorante Birrificio 1816,46.5387,10.1376,N/A
Baia del Corvo,44.3672,8.6108,N/A
Fra' Bernardo,45.6786,12.0989,N/A
Pizzeria Ristorante La Baita,44.719,12.2383,N/A
Gelateria Marcella,45.7595,8.5611,N/A
Ristorante Pizzeria da Frankino,44.664,8.2942,N/A
Ca' Mea,45.3998,9.6143,N/A
Ristorante Pizzeria Parco di Limana,46.0986,12.209,N/A
Gelateria L'Imbarcadero,45.9097,8.6198,N/A
Ristorante Pizzeria Lenci Tre,45.6232,11.0359,N/A
Pizzeria Ristorante Capanna Bianca,45.8865,11.5487,N/A
Cantine del Pisacane,44.3925,8.9827,3
Gelateria Alaska,44.573,10.8525,N/A
Albergo Ristorante Pizzeria Il Buongustaio,45.0481,8.8098,N/A
Ristorante Pizzeria Nonno Grillo,45.9497,8.5847,N/A
Ristorante Pizzeria La Granseola,45.665,13.1095,N/A
Hosteria La Palazzina,45.4705,10.3157,N/A
Il Ponte - Ristorante Pizzeria,46.5366,12.1408,N/A
Trattoria Pi√® di Castello Sas,45.9151,10.8418,N/A
Sushi Ho,45.6542,9.622,N/A
Ristorante Il Pescatore 7,44.9167,8.6094,N/A
Pasticceria Ferracina,45.5208,11.713,N/A
Premiata Pizzeria Di Negrone,45.7069,9.7606,N/A
Ristorante Pizzeria Il Basilico,44.6456,7.4975,N/A
Birreria Bunker,45.7493,13.6734,N/A
PizzaClub No Limits - Varedo,45.6043,9.1618,N/A
Sedicigusti,45.6124,8.8545,N/A
Pizzeria El Pash√†,45.2044,12.2974,N/A
Al chiosco,45.6679,9.0505,N/A
THE BELLS PUB¬Æ - Carobbio,45.6639,9.8259,N/A
El Argentino,44.8375,8.2593,N/A
Osteria al Cantin√¨,45.9482,10.2064,N/A
Habitat Bistrot,45.7789,11.8242,N/A
Oven Parma,44.8005,10.3221,10
Trattoria dal Pansa,45.4736,10.7434,N/A
Pizzeria Ristorante Monviso,44.7556,7.3141,N/A
Ristorante Pizzeria Fornace,45.541,12.172,N/A
Il Regno di Timarsalallo,45.8202,8.7122,N/A
Gran Gelato Cervignano,45.8293,13.333,N/A
La Chiesetta 2.0,45.127,12.3224,N/A
Ristorante Da Franco,45.7894,9.3524,N/A
Rocco e i suoi fratelli,44.3488,9.2301,N/A
Osteria del Moleta,46.326,10.322,N/A
Gelateria Brivido Ice Cream Bozen,46.4898,11.3296,N/A
Pasticceria Caffetteria Celio,45.1362,12.0859,N/A
Evergreen burger,45.2704,11.9358,N/A
Pizzeria Trattoria Cygnus,45.3848,10.6967,N/A
Lido dei Platani,45.6634,10.0502,N/A
Al Larin Da Bepo,45.9455,12.2796,N/A
Rock 1978,45.6647,10.3441,N/A
Ristorante Sotoriva,45.4389,12.4211,N/A
Bollicine Restaurant Music Context,45.1416,9.7139,N/A
Taverna del Pappagallo Ristorante e Pizzeria,45.8837,8.5387,N/A
Ciao | La Gelateria Artigianale,44.5636,10.8512,N/A
Albergo Ristorante Fontana,44.6006,10.1217,N/A
Brasserie Tipica e Originale Pizza Polesana,45.0223,12.071,N/A
Just Peruzzi,44.3776,9.0718,N/A
La Pagoda,44.5181,11.3419,4
Yun Quick,45.4971,9.112,N/A
Poke&Go | Settimo Milanese,45.48,9.0551,N/A
Il Trevigliese,45.5276,9.5879,N/A
MakaMaka Poke,45.4901,12.2441,N/A
Ni Hao,46.0664,11.1301,N/A
OAKBERRY A√áA√ç - Milano - Cadorna,45.4675,9.1729,1
3 Guys,46.4985,11.3613,N/A
Lei Poke Sushi Milano,45.4809,9.2097,1
Pok√® Club Conegliano,45.8855,12.2987,N/A
SushiBox Bozen,46.4835,11.3434,N/A
Il Padelghiotto,45.5997,8.9151,N/A
Cremeria Retr√≤,44.4824,11.3832,4
D√∂ner Club Kebab,45.4586,9.2065,1
Bellimpasto pizzeria pavia,45.1868,9.1485,N/A
Pizzeria Il Bianco e il Nero,45.4486,8.6087,2
Fresh Poke & Dimsum,45.6581,8.7971,N/A
La Braseria On The Road,45.6928,9.6628,N/A
Scrocchia Pizza,45.6946,9.6792,N/A
kungfu bao 2 and poke,45.4662,9.1762,1
Poke Sushi Life,45.3259,8.4239,N/A
Kungfu bao friuli,45.4584,9.2169,1
Sushimi-Poke,45.5222,9.2832,N/A
SUSAKI,46.4947,11.3402,N/A
Houseki Sushi,45.4828,9.1713,1
Maoji Mini,45.4517,9.1777,1
Poke Salsa - Bassano del Grappa,45.7645,11.7399,N/A
Youme,44.779,10.8819,N/A
Gelateria Cuore,45.4328,9.1089,N/A
Starvin' Burger,45.4468,8.6209,2
Gelateria LAB,45.4756,9.2127,1
HAWAII POKE UNIVERSITA',45.4379,11.0022,9
Insushi Campofranco,46.4983,11.3541,N/A
Il Vascello.,46.498,11.3403,N/A
"STEAM dumplings, rice & salad TAKE AWAY",45.5574,11.5581,N/A
Ristorante Cinese Vittoria Gourmet,44.8083,10.3329,10
PokeBon | Hawaiian poke a Crema,45.3629,9.6957,N/A
Goss Quality Burger,45.6931,9.6717,N/A
Furai,45.5467,11.5472,N/A
Pizza Da Benny,44.5507,7.7295,N/A
SUSHI JOLLY,46.4907,11.3418,N/A
PICCERELLA delivery - Pizzeria Friggitoria Napoletana,46.5004,11.3383,N/A
Wok Time,45.4121,11.8924,8
WOK on the GO,45.4589,9.1813,1
Rosticceria Palazzi,45.4794,9.2125,1
La Caveja - Piadineria Cant√π,45.7389,9.1307,N/A
Ocean Poke,45.3581,9.323,N/A
Kungfu Bao - Plinio,45.4772,9.2161,1
Istanbul Kebap Caronno,45.6005,9.0441,N/A
Rajput,45.4755,9.2126,1
Poke Kal - Erba,45.8124,9.2299,N/A
Toomangi Fine Street Food,45.8081,9.0886,N/A
CHIHUAHUA TACOS - Sarpi,45.4811,9.1707,1
Ristorante Nuova Asia,44.9195,8.6182,N/A
Twist Pizza ‚Äòn More,46.0561,11.1209,N/A
Ristorante Antica Cina‰∏≠È§êÂéÖ,45.4818,9.2137,1
Manawa Poke,45.5485,11.5426,N/A
Dips - French Tacos & Salads,46.4969,11.3558,N/A
Hi Poke,46.0622,11.115,N/A
SuperBowl,44.3079,8.4801,N/A
Golden Dragon - Asian Food Pavia,45.1853,9.1558,N/A
Bolin,44.6527,10.9278,N/A
Poke Corner Lentate,45.6782,9.1214,N/A
Ni'ihau Poke,45.8075,9.0847,N/A
Noor Kebab & Pizzeria,45.6951,9.6866,N/A
Mint- lab,45.451,9.2127,1
Color Pok√©,45.6947,8.4668,N/A
Gelateria Kalimera,44.3085,8.4787,N/A
Pabo's Pizza Gussago,45.5847,10.1579,N/A
Pok√® Go,45.134,10.0226,7
Primo Passo Pizza & Piada,46.5016,11.341,N/A
Pok√© Factory Carpi,44.7857,10.8821,N/A
Gerli dal 1870,45.4692,9.15,1
Poke al doro,44.8481,11.6003,N/A
21 / 23 Laboratorio lievitati,44.3055,8.4824,N/A
Kona Milano,45.4624,9.2051,1
HAIKKY Sushi & Noodle Bar Pavia,45.1889,9.1607,N/A
PokeBon | Hawaiian poke a Lodi,45.3057,9.4997,N/A
Pizzeria Positano Street Milano,45.4482,9.1869,1
Yami rosticceria cinese,45.4343,11.8892,8
Burger Sberla,45.4886,9.1888,1
Ristorante Sapore di Mare,45.5237,9.0466,N/A
Gelateria Doria,45.4938,12.2404,N/A
Pokeat & Sushi box,45.6286,9.0354,N/A
Yoshi - Japanese Restaurant,44.4792,11.3862,4
Pepen Milano,45.4746,9.2071,1
Number One Pizzeria - Kebap,45.4763,9.2248,N/A
OAKBERRY A√áA√ç - Milano - Porta Romana,45.4589,9.1914,1
Erbert - Freguglia,45.4612,9.2001,1
Terra gelato,45.4873,9.166,1
Nasty Burger Club - Saragozza,44.4901,11.3331,4
POKE WOOD TORINO,45.0711,7.6781,N/A
Re Kebab,45.0695,7.6591,N/A
Chuck‚Äôs,45.4631,9.212,1
Con Mollica o Senza? - Take Away Milano,45.4873,9.2132,1
Piadineria Il Chiosco (C.so Re Umberto),45.065,7.6748,N/A
Noodles & Sushi,44.4998,11.326,4
ÊàêÈÉΩÂ∞èÈ¶ÜRistorante Cheng Du,45.4808,9.2167,1
Alberto Marchetti Gelaterie | Via Principi d'Acaja,45.0713,7.6611,N/A
FONZO'S NYC,45.4741,9.1832,1
Jia Wei - ristorante cinese,45.4583,9.1919,1
Opa Opa - La Grecia a Milano,45.4697,9.185,1
"In Out - Secret Delivery Torino, 10125*",45.0591,7.6802,N/A
